-- VEM 2.0 Seed Data
-- Generated: 2026-01-08 17:54:27.253535

-- REFERANS_KODLAR (63 rows)
INSERT INTO [Lbys].[REFERANS_KODLAR] ([REFERANS_KODU], [KOD_TURU], [REFERANS_ADI], [SKRS_KODU], [MEDULA_KODU], [MKYS_KODU], [TIG_KODU], [EKLEYEN_KULLANICI_KODU], [KAYIT_ZAMANI]) VALUES (N'CNS-E', N'CINSIYET', N'Erkek', N'1', N'E', N'E', N'E', N'KLN-ADMIN', N'2026-01-08 17:54:27');
INSERT INTO [Lbys].[REFERANS_KODLAR] ([REFERANS_KODU], [KOD_TURU], [REFERANS_ADI], [SKRS_KODU], [MEDULA_KODU], [MKYS_KODU], [TIG_KODU], [EKLEYEN_KULLANICI_KODU], [KAYIT_ZAMANI]) VALUES (N'CNS-K', N'CINSIYET', N'Kadin', N'2', N'K', N'K', N'K', N'KLN-ADMIN', N'2026-01-08 17:54:27');
INSERT INTO [Lbys].[REFERANS_KODLAR] ([REFERANS_KODU], [KOD_TURU], [REFERANS_ADI], [SKRS_KODU], [MEDULA_KODU], [MKYS_KODU], [TIG_KODU], [EKLEYEN_KULLANICI_KODU], [KAYIT_ZAMANI]) VALUES (N'KAN-A+', N'KAN_GRUBU', N'A Rh+', N'1', N'A+', N'A+', N'A+', N'KLN-ADMIN', N'2026-01-08 17:54:27');
INSERT INTO [Lbys].[REFERANS_KODLAR] ([REFERANS_KODU], [KOD_TURU], [REFERANS_ADI], [SKRS_KODU], [MEDULA_KODU], [MKYS_KODU], [TIG_KODU], [EKLEYEN_KULLANICI_KODU], [KAYIT_ZAMANI]) VALUES (N'KAN-A-', N'KAN_GRUBU', N'A Rh-', N'2', N'A-', N'A-', N'A-', N'KLN-ADMIN', N'2026-01-08 17:54:27');
INSERT INTO [Lbys].[REFERANS_KODLAR] ([REFERANS_KODU], [KOD_TURU], [REFERANS_ADI], [SKRS_KODU], [MEDULA_KODU], [MKYS_KODU], [TIG_KODU], [EKLEYEN_KULLANICI_KODU], [KAYIT_ZAMANI]) VALUES (N'KAN-B+', N'KAN_GRUBU', N'B Rh+', N'3', N'B+', N'B+', N'B+', N'KLN-ADMIN', N'2026-01-08 17:54:27');
INSERT INTO [Lbys].[REFERANS_KODLAR] ([REFERANS_KODU], [KOD_TURU], [REFERANS_ADI], [SKRS_KODU], [MEDULA_KODU], [MKYS_KODU], [TIG_KODU], [EKLEYEN_KULLANICI_KODU], [KAYIT_ZAMANI]) VALUES (N'KAN-B-', N'KAN_GRUBU', N'B Rh-', N'4', N'B-', N'B-', N'B-', N'KLN-ADMIN', N'2026-01-08 17:54:27');
INSERT INTO [Lbys].[REFERANS_KODLAR] ([REFERANS_KODU], [KOD_TURU], [REFERANS_ADI], [SKRS_KODU], [MEDULA_KODU], [MKYS_KODU], [TIG_KODU], [EKLEYEN_KULLANICI_KODU], [KAYIT_ZAMANI]) VALUES (N'KAN-AB+', N'KAN_GRUBU', N'AB Rh+', N'5', N'AB+', N'AB+', N'AB+', N'KLN-ADMIN', N'2026-01-08 17:54:27');
INSERT INTO [Lbys].[REFERANS_KODLAR] ([REFERANS_KODU], [KOD_TURU], [REFERANS_ADI], [SKRS_KODU], [MEDULA_KODU], [MKYS_KODU], [TIG_KODU], [EKLEYEN_KULLANICI_KODU], [KAYIT_ZAMANI]) VALUES (N'KAN-AB-', N'KAN_GRUBU', N'AB Rh-', N'6', N'AB-', N'AB-', N'AB-', N'KLN-ADMIN', N'2026-01-08 17:54:27');
INSERT INTO [Lbys].[REFERANS_KODLAR] ([REFERANS_KODU], [KOD_TURU], [REFERANS_ADI], [SKRS_KODU], [MEDULA_KODU], [MKYS_KODU], [TIG_KODU], [EKLEYEN_KULLANICI_KODU], [KAYIT_ZAMANI]) VALUES (N'KAN-0+', N'KAN_GRUBU', N'0 Rh+', N'7', N'0+', N'0+', N'0+', N'KLN-ADMIN', N'2026-01-08 17:54:27');
INSERT INTO [Lbys].[REFERANS_KODLAR] ([REFERANS_KODU], [KOD_TURU], [REFERANS_ADI], [SKRS_KODU], [MEDULA_KODU], [MKYS_KODU], [TIG_KODU], [EKLEYEN_KULLANICI_KODU], [KAYIT_ZAMANI]) VALUES (N'KAN-0-', N'KAN_GRUBU', N'0 Rh-', N'8', N'0-', N'0-', N'0-', N'KLN-ADMIN', N'2026-01-08 17:54:27');
INSERT INTO [Lbys].[REFERANS_KODLAR] ([REFERANS_KODU], [KOD_TURU], [REFERANS_ADI], [SKRS_KODU], [MEDULA_KODU], [MKYS_KODU], [TIG_KODU], [EKLEYEN_KULLANICI_KODU], [KAYIT_ZAMANI]) VALUES (N'MDN-BKR', N'MEDENI_HALI', N'Bekar', N'1', N'BKR', N'BKR', N'BKR', N'KLN-ADMIN', N'2026-01-08 17:54:27');
INSERT INTO [Lbys].[REFERANS_KODLAR] ([REFERANS_KODU], [KOD_TURU], [REFERANS_ADI], [SKRS_KODU], [MEDULA_KODU], [MKYS_KODU], [TIG_KODU], [EKLEYEN_KULLANICI_KODU], [KAYIT_ZAMANI]) VALUES (N'MDN-EVL', N'MEDENI_HALI', N'Evli', N'2', N'EVL', N'EVL', N'EVL', N'KLN-ADMIN', N'2026-01-08 17:54:27');
INSERT INTO [Lbys].[REFERANS_KODLAR] ([REFERANS_KODU], [KOD_TURU], [REFERANS_ADI], [SKRS_KODU], [MEDULA_KODU], [MKYS_KODU], [TIG_KODU], [EKLEYEN_KULLANICI_KODU], [KAYIT_ZAMANI]) VALUES (N'MDN-BOS', N'MEDENI_HALI', N'Bosanmis', N'3', N'BOS', N'BOS', N'BOS', N'KLN-ADMIN', N'2026-01-08 17:54:27');
INSERT INTO [Lbys].[REFERANS_KODLAR] ([REFERANS_KODU], [KOD_TURU], [REFERANS_ADI], [SKRS_KODU], [MEDULA_KODU], [MKYS_KODU], [TIG_KODU], [EKLEYEN_KULLANICI_KODU], [KAYIT_ZAMANI]) VALUES (N'MDN-DUL', N'MEDENI_HALI', N'Dul', N'4', N'DUL', N'DUL', N'DUL', N'KLN-ADMIN', N'2026-01-08 17:54:27');
INSERT INTO [Lbys].[REFERANS_KODLAR] ([REFERANS_KODU], [KOD_TURU], [REFERANS_ADI], [SKRS_KODU], [MEDULA_KODU], [MKYS_KODU], [TIG_KODU], [EKLEYEN_KULLANICI_KODU], [KAYIT_ZAMANI]) VALUES (N'TDV-AYAKTAN', N'TEDAVI_TURU', N'Ayaktan', N'1', N'AYAKTAN', N'AYAKTAN', N'AYAKTAN', N'KLN-ADMIN', N'2026-01-08 17:54:27');
INSERT INTO [Lbys].[REFERANS_KODLAR] ([REFERANS_KODU], [KOD_TURU], [REFERANS_ADI], [SKRS_KODU], [MEDULA_KODU], [MKYS_KODU], [TIG_KODU], [EKLEYEN_KULLANICI_KODU], [KAYIT_ZAMANI]) VALUES (N'TDV-YATAN', N'TEDAVI_TURU', N'Yatan', N'2', N'YATAN', N'YATAN', N'YATAN', N'KLN-ADMIN', N'2026-01-08 17:54:27');
INSERT INTO [Lbys].[REFERANS_KODLAR] ([REFERANS_KODU], [KOD_TURU], [REFERANS_ADI], [SKRS_KODU], [MEDULA_KODU], [MKYS_KODU], [TIG_KODU], [EKLEYEN_KULLANICI_KODU], [KAYIT_ZAMANI]) VALUES (N'TDV-GUNUBIRLIK', N'TEDAVI_TURU', N'Gunubirlik', N'3', N'GUNUBIRLIK', N'GUNUBIRLIK', N'GUNUBIRLIK', N'KLN-ADMIN', N'2026-01-08 17:54:27');
INSERT INTO [Lbys].[REFERANS_KODLAR] ([REFERANS_KODU], [KOD_TURU], [REFERANS_ADI], [SKRS_KODU], [MEDULA_KODU], [MKYS_KODU], [TIG_KODU], [EKLEYEN_KULLANICI_KODU], [KAYIT_ZAMANI]) VALUES (N'TDV-ACIL', N'TEDAVI_TURU', N'Acil', N'4', N'ACIL', N'ACIL', N'ACIL', N'KLN-ADMIN', N'2026-01-08 17:54:27');
INSERT INTO [Lbys].[REFERANS_KODLAR] ([REFERANS_KODU], [KOD_TURU], [REFERANS_ADI], [SKRS_KODU], [MEDULA_KODU], [MKYS_KODU], [TIG_KODU], [EKLEYEN_KULLANICI_KODU], [KAYIT_ZAMANI]) VALUES (N'CKS-TABURCU', N'CIKIS_SEKLI', N'Taburcu', N'1', N'TABURCU', N'TABURCU', N'TABURCU', N'KLN-ADMIN', N'2026-01-08 17:54:27');
INSERT INTO [Lbys].[REFERANS_KODLAR] ([REFERANS_KODU], [KOD_TURU], [REFERANS_ADI], [SKRS_KODU], [MEDULA_KODU], [MKYS_KODU], [TIG_KODU], [EKLEYEN_KULLANICI_KODU], [KAYIT_ZAMANI]) VALUES (N'CKS-SEVK', N'CIKIS_SEKLI', N'Sevk', N'2', N'SEVK', N'SEVK', N'SEVK', N'KLN-ADMIN', N'2026-01-08 17:54:27');
INSERT INTO [Lbys].[REFERANS_KODLAR] ([REFERANS_KODU], [KOD_TURU], [REFERANS_ADI], [SKRS_KODU], [MEDULA_KODU], [MKYS_KODU], [TIG_KODU], [EKLEYEN_KULLANICI_KODU], [KAYIT_ZAMANI]) VALUES (N'CKS-EXITUS', N'CIKIS_SEKLI', N'Olum', N'3', N'EXITUS', N'EXITUS', N'EXITUS', N'KLN-ADMIN', N'2026-01-08 17:54:27');
INSERT INTO [Lbys].[REFERANS_KODLAR] ([REFERANS_KODU], [KOD_TURU], [REFERANS_ADI], [SKRS_KODU], [MEDULA_KODU], [MKYS_KODU], [TIG_KODU], [EKLEYEN_KULLANICI_KODU], [KAYIT_ZAMANI]) VALUES (N'CKS-ISTEK', N'CIKIS_SEKLI', N'Kendi Istegi', N'4', N'ISTEK', N'ISTEK', N'ISTEK', N'KLN-ADMIN', N'2026-01-08 17:54:27');
INSERT INTO [Lbys].[REFERANS_KODLAR] ([REFERANS_KODU], [KOD_TURU], [REFERANS_ADI], [SKRS_KODU], [MEDULA_KODU], [MKYS_KODU], [TIG_KODU], [EKLEYEN_KULLANICI_KODU], [KAYIT_ZAMANI]) VALUES (N'BRM-POL', N'BIRIM_TURU', N'Poliklinik', N'1', N'POL', N'POL', N'POL', N'KLN-ADMIN', N'2026-01-08 17:54:27');
INSERT INTO [Lbys].[REFERANS_KODLAR] ([REFERANS_KODU], [KOD_TURU], [REFERANS_ADI], [SKRS_KODU], [MEDULA_KODU], [MKYS_KODU], [TIG_KODU], [EKLEYEN_KULLANICI_KODU], [KAYIT_ZAMANI]) VALUES (N'BRM-SRV', N'BIRIM_TURU', N'Servis', N'2', N'SRV', N'SRV', N'SRV', N'KLN-ADMIN', N'2026-01-08 17:54:27');
INSERT INTO [Lbys].[REFERANS_KODLAR] ([REFERANS_KODU], [KOD_TURU], [REFERANS_ADI], [SKRS_KODU], [MEDULA_KODU], [MKYS_KODU], [TIG_KODU], [EKLEYEN_KULLANICI_KODU], [KAYIT_ZAMANI]) VALUES (N'BRM-ACL', N'BIRIM_TURU', N'Acil', N'3', N'ACL', N'ACL', N'ACL', N'KLN-ADMIN', N'2026-01-08 17:54:27');
INSERT INTO [Lbys].[REFERANS_KODLAR] ([REFERANS_KODU], [KOD_TURU], [REFERANS_ADI], [SKRS_KODU], [MEDULA_KODU], [MKYS_KODU], [TIG_KODU], [EKLEYEN_KULLANICI_KODU], [KAYIT_ZAMANI]) VALUES (N'BRM-AML', N'BIRIM_TURU', N'Ameliyathane', N'4', N'AML', N'AML', N'AML', N'KLN-ADMIN', N'2026-01-08 17:54:27');
INSERT INTO [Lbys].[REFERANS_KODLAR] ([REFERANS_KODU], [KOD_TURU], [REFERANS_ADI], [SKRS_KODU], [MEDULA_KODU], [MKYS_KODU], [TIG_KODU], [EKLEYEN_KULLANICI_KODU], [KAYIT_ZAMANI]) VALUES (N'BRM-LAB', N'BIRIM_TURU', N'Laboratuvar', N'5', N'LAB', N'LAB', N'LAB', N'KLN-ADMIN', N'2026-01-08 17:54:27');
INSERT INTO [Lbys].[REFERANS_KODLAR] ([REFERANS_KODU], [KOD_TURU], [REFERANS_ADI], [SKRS_KODU], [MEDULA_KODU], [MKYS_KODU], [TIG_KODU], [EKLEYEN_KULLANICI_KODU], [KAYIT_ZAMANI]) VALUES (N'BRM-RAD', N'BIRIM_TURU', N'Radyoloji', N'6', N'RAD', N'RAD', N'RAD', N'KLN-ADMIN', N'2026-01-08 17:54:27');
INSERT INTO [Lbys].[REFERANS_KODLAR] ([REFERANS_KODU], [KOD_TURU], [REFERANS_ADI], [SKRS_KODU], [MEDULA_KODU], [MKYS_KODU], [TIG_KODU], [EKLEYEN_KULLANICI_KODU], [KAYIT_ZAMANI]) VALUES (N'BRM-YBU', N'BIRIM_TURU', N'Yogun Bakim', N'7', N'YBU', N'YBU', N'YBU', N'KLN-ADMIN', N'2026-01-08 17:54:27');
INSERT INTO [Lbys].[REFERANS_KODLAR] ([REFERANS_KODU], [KOD_TURU], [REFERANS_ADI], [SKRS_KODU], [MEDULA_KODU], [MKYS_KODU], [TIG_KODU], [EKLEYEN_KULLANICI_KODU], [KAYIT_ZAMANI]) VALUES (N'UNV-UZM', N'UNVAN_KODU', N'Uzman Doktor', N'1', N'UZM', N'UZM', N'UZM', N'KLN-ADMIN', N'2026-01-08 17:54:27');
INSERT INTO [Lbys].[REFERANS_KODLAR] ([REFERANS_KODU], [KOD_TURU], [REFERANS_ADI], [SKRS_KODU], [MEDULA_KODU], [MKYS_KODU], [TIG_KODU], [EKLEYEN_KULLANICI_KODU], [KAYIT_ZAMANI]) VALUES (N'UNV-ASS', N'UNVAN_KODU', N'Asistan', N'2', N'ASS', N'ASS', N'ASS', N'KLN-ADMIN', N'2026-01-08 17:54:27');
INSERT INTO [Lbys].[REFERANS_KODLAR] ([REFERANS_KODU], [KOD_TURU], [REFERANS_ADI], [SKRS_KODU], [MEDULA_KODU], [MKYS_KODU], [TIG_KODU], [EKLEYEN_KULLANICI_KODU], [KAYIT_ZAMANI]) VALUES (N'UNV-HEM', N'UNVAN_KODU', N'Hemsire', N'3', N'HEM', N'HEM', N'HEM', N'KLN-ADMIN', N'2026-01-08 17:54:27');
INSERT INTO [Lbys].[REFERANS_KODLAR] ([REFERANS_KODU], [KOD_TURU], [REFERANS_ADI], [SKRS_KODU], [MEDULA_KODU], [MKYS_KODU], [TIG_KODU], [EKLEYEN_KULLANICI_KODU], [KAYIT_ZAMANI]) VALUES (N'UNV-TKN', N'UNVAN_KODU', N'Teknisyen', N'4', N'TKN', N'TKN', N'TKN', N'KLN-ADMIN', N'2026-01-08 17:54:27');
INSERT INTO [Lbys].[REFERANS_KODLAR] ([REFERANS_KODU], [KOD_TURU], [REFERANS_ADI], [SKRS_KODU], [MEDULA_KODU], [MKYS_KODU], [TIG_KODU], [EKLEYEN_KULLANICI_KODU], [KAYIT_ZAMANI]) VALUES (N'UNV-IDR', N'UNVAN_KODU', N'Idari', N'5', N'IDR', N'IDR', N'IDR', N'KLN-ADMIN', N'2026-01-08 17:54:27');
INSERT INTO [Lbys].[REFERANS_KODLAR] ([REFERANS_KODU], [KOD_TURU], [REFERANS_ADI], [SKRS_KODU], [MEDULA_KODU], [MKYS_KODU], [TIG_KODU], [EKLEYEN_KULLANICI_KODU], [KAYIT_ZAMANI]) VALUES (N'DPO-ANA', N'DEPO_TURU', N'Ana Depo', N'1', N'ANA', N'ANA', N'ANA', N'KLN-ADMIN', N'2026-01-08 17:54:27');
INSERT INTO [Lbys].[REFERANS_KODLAR] ([REFERANS_KODU], [KOD_TURU], [REFERANS_ADI], [SKRS_KODU], [MEDULA_KODU], [MKYS_KODU], [TIG_KODU], [EKLEYEN_KULLANICI_KODU], [KAYIT_ZAMANI]) VALUES (N'DPO-BRM', N'DEPO_TURU', N'Birim Deposu', N'2', N'BRM', N'BRM', N'BRM', N'KLN-ADMIN', N'2026-01-08 17:54:27');
INSERT INTO [Lbys].[REFERANS_KODLAR] ([REFERANS_KODU], [KOD_TURU], [REFERANS_ADI], [SKRS_KODU], [MEDULA_KODU], [MKYS_KODU], [TIG_KODU], [EKLEYEN_KULLANICI_KODU], [KAYIT_ZAMANI]) VALUES (N'DPO-ECZ', N'DEPO_TURU', N'Eczane', N'3', N'ECZ', N'ECZ', N'ECZ', N'KLN-ADMIN', N'2026-01-08 17:54:27');
INSERT INTO [Lbys].[REFERANS_KODLAR] ([REFERANS_KODU], [KOD_TURU], [REFERANS_ADI], [SKRS_KODU], [MEDULA_KODU], [MKYS_KODU], [TIG_KODU], [EKLEYEN_KULLANICI_KODU], [KAYIT_ZAMANI]) VALUES (N'TC', N'ULKE_KODU', N'Turkiye', N'1', N'TC', N'TC', N'TC', N'KLN-ADMIN', N'2026-01-08 17:54:27');
INSERT INTO [Lbys].[REFERANS_KODLAR] ([REFERANS_KODU], [KOD_TURU], [REFERANS_ADI], [SKRS_KODU], [MEDULA_KODU], [MKYS_KODU], [TIG_KODU], [EKLEYEN_KULLANICI_KODU], [KAYIT_ZAMANI]) VALUES (N'DE', N'ULKE_KODU', N'Almanya', N'2', N'DE', N'DE', N'DE', N'KLN-ADMIN', N'2026-01-08 17:54:27');
INSERT INTO [Lbys].[REFERANS_KODLAR] ([REFERANS_KODU], [KOD_TURU], [REFERANS_ADI], [SKRS_KODU], [MEDULA_KODU], [MKYS_KODU], [TIG_KODU], [EKLEYEN_KULLANICI_KODU], [KAYIT_ZAMANI]) VALUES (N'FR', N'ULKE_KODU', N'Fransa', N'3', N'FR', N'FR', N'FR', N'KLN-ADMIN', N'2026-01-08 17:54:27');
INSERT INTO [Lbys].[REFERANS_KODLAR] ([REFERANS_KODU], [KOD_TURU], [REFERANS_ADI], [SKRS_KODU], [MEDULA_KODU], [MKYS_KODU], [TIG_KODU], [EKLEYEN_KULLANICI_KODU], [KAYIT_ZAMANI]) VALUES (N'GB', N'ULKE_KODU', N'Ingiltere', N'4', N'GB', N'GB', N'GB', N'KLN-ADMIN', N'2026-01-08 17:54:27');
INSERT INTO [Lbys].[REFERANS_KODLAR] ([REFERANS_KODU], [KOD_TURU], [REFERANS_ADI], [SKRS_KODU], [MEDULA_KODU], [MKYS_KODU], [TIG_KODU], [EKLEYEN_KULLANICI_KODU], [KAYIT_ZAMANI]) VALUES (N'US', N'ULKE_KODU', N'ABD', N'5', N'US', N'US', N'US', N'KLN-ADMIN', N'2026-01-08 17:54:27');
INSERT INTO [Lbys].[REFERANS_KODLAR] ([REFERANS_KODU], [KOD_TURU], [REFERANS_ADI], [SKRS_KODU], [MEDULA_KODU], [MKYS_KODU], [TIG_KODU], [EKLEYEN_KULLANICI_KODU], [KAYIT_ZAMANI]) VALUES (N'YATAN', N'FATURA_TURU', N'Yatan Fatura', N'1', N'YATAN', N'YATAN', N'YATAN', N'KLN-ADMIN', N'2026-01-08 17:54:27');
INSERT INTO [Lbys].[REFERANS_KODLAR] ([REFERANS_KODU], [KOD_TURU], [REFERANS_ADI], [SKRS_KODU], [MEDULA_KODU], [MKYS_KODU], [TIG_KODU], [EKLEYEN_KULLANICI_KODU], [KAYIT_ZAMANI]) VALUES (N'AYAKTAN', N'FATURA_TURU', N'Ayaktan Fatura', N'2', N'AYAKTAN', N'AYAKTAN', N'AYAKTAN', N'KLN-ADMIN', N'2026-01-08 17:54:27');
INSERT INTO [Lbys].[REFERANS_KODLAR] ([REFERANS_KODU], [KOD_TURU], [REFERANS_ADI], [SKRS_KODU], [MEDULA_KODU], [MKYS_KODU], [TIG_KODU], [EKLEYEN_KULLANICI_KODU], [KAYIT_ZAMANI]) VALUES (N'ACIL', N'FATURA_TURU', N'Acil Fatura', N'3', N'ACIL', N'ACIL', N'ACIL', N'KLN-ADMIN', N'2026-01-08 17:54:27');
INSERT INTO [Lbys].[REFERANS_KODLAR] ([REFERANS_KODU], [KOD_TURU], [REFERANS_ADI], [SKRS_KODU], [MEDULA_KODU], [MKYS_KODU], [TIG_KODU], [EKLEYEN_KULLANICI_KODU], [KAYIT_ZAMANI]) VALUES (N'SGK', N'FATURA_TURU', N'SGK Fatura', N'4', N'SGK', N'SGK', N'SGK', N'KLN-ADMIN', N'2026-01-08 17:54:27');
INSERT INTO [Lbys].[REFERANS_KODLAR] ([REFERANS_KODU], [KOD_TURU], [REFERANS_ADI], [SKRS_KODU], [MEDULA_KODU], [MKYS_KODU], [TIG_KODU], [EKLEYEN_KULLANICI_KODU], [KAYIT_ZAMANI]) VALUES (N'ANA', N'TANI_TURU', N'Ana Tani', N'1', N'ANA', N'ANA', N'ANA', N'KLN-ADMIN', N'2026-01-08 17:54:27');
INSERT INTO [Lbys].[REFERANS_KODLAR] ([REFERANS_KODU], [KOD_TURU], [REFERANS_ADI], [SKRS_KODU], [MEDULA_KODU], [MKYS_KODU], [TIG_KODU], [EKLEYEN_KULLANICI_KODU], [KAYIT_ZAMANI]) VALUES (N'YAN', N'TANI_TURU', N'Yan Tani', N'2', N'YAN', N'YAN', N'YAN', N'KLN-ADMIN', N'2026-01-08 17:54:27');
INSERT INTO [Lbys].[REFERANS_KODLAR] ([REFERANS_KODU], [KOD_TURU], [REFERANS_ADI], [SKRS_KODU], [MEDULA_KODU], [MKYS_KODU], [TIG_KODU], [EKLEYEN_KULLANICI_KODU], [KAYIT_ZAMANI]) VALUES (N'ONTAN', N'TANI_TURU', N'On Tani', N'3', N'ONTAN', N'ONTAN', N'ONTAN', N'KLN-ADMIN', N'2026-01-08 17:54:27');
INSERT INTO [Lbys].[REFERANS_KODLAR] ([REFERANS_KODU], [KOD_TURU], [REFERANS_ADI], [SKRS_KODU], [MEDULA_KODU], [MKYS_KODU], [TIG_KODU], [EKLEYEN_KULLANICI_KODU], [KAYIT_ZAMANI]) VALUES (N'ORAL', N'ILAC_KULLANIM_YOLU', N'Oral', N'1', N'ORAL', N'ORAL', N'ORAL', N'KLN-ADMIN', N'2026-01-08 17:54:27');
INSERT INTO [Lbys].[REFERANS_KODLAR] ([REFERANS_KODU], [KOD_TURU], [REFERANS_ADI], [SKRS_KODU], [MEDULA_KODU], [MKYS_KODU], [TIG_KODU], [EKLEYEN_KULLANICI_KODU], [KAYIT_ZAMANI]) VALUES (N'IV', N'ILAC_KULLANIM_YOLU', N'Intravenoz', N'2', N'IV', N'IV', N'IV', N'KLN-ADMIN', N'2026-01-08 17:54:27');
INSERT INTO [Lbys].[REFERANS_KODLAR] ([REFERANS_KODU], [KOD_TURU], [REFERANS_ADI], [SKRS_KODU], [MEDULA_KODU], [MKYS_KODU], [TIG_KODU], [EKLEYEN_KULLANICI_KODU], [KAYIT_ZAMANI]) VALUES (N'IM', N'ILAC_KULLANIM_YOLU', N'Intramuskuler', N'3', N'IM', N'IM', N'IM', N'KLN-ADMIN', N'2026-01-08 17:54:27');
INSERT INTO [Lbys].[REFERANS_KODLAR] ([REFERANS_KODU], [KOD_TURU], [REFERANS_ADI], [SKRS_KODU], [MEDULA_KODU], [MKYS_KODU], [TIG_KODU], [EKLEYEN_KULLANICI_KODU], [KAYIT_ZAMANI]) VALUES (N'SC', N'ILAC_KULLANIM_YOLU', N'Subkutan', N'4', N'SC', N'SC', N'SC', N'KLN-ADMIN', N'2026-01-08 17:54:27');
INSERT INTO [Lbys].[REFERANS_KODLAR] ([REFERANS_KODU], [KOD_TURU], [REFERANS_ADI], [SKRS_KODU], [MEDULA_KODU], [MKYS_KODU], [TIG_KODU], [EKLEYEN_KULLANICI_KODU], [KAYIT_ZAMANI]) VALUES (N'GUN1', N'DOZ_PERIYOT', N'Gunde 1', N'1', N'GUN1', N'GUN1', N'GUN1', N'KLN-ADMIN', N'2026-01-08 17:54:27');
INSERT INTO [Lbys].[REFERANS_KODLAR] ([REFERANS_KODU], [KOD_TURU], [REFERANS_ADI], [SKRS_KODU], [MEDULA_KODU], [MKYS_KODU], [TIG_KODU], [EKLEYEN_KULLANICI_KODU], [KAYIT_ZAMANI]) VALUES (N'GUN2', N'DOZ_PERIYOT', N'Gunde 2', N'2', N'GUN2', N'GUN2', N'GUN2', N'KLN-ADMIN', N'2026-01-08 17:54:27');
INSERT INTO [Lbys].[REFERANS_KODLAR] ([REFERANS_KODU], [KOD_TURU], [REFERANS_ADI], [SKRS_KODU], [MEDULA_KODU], [MKYS_KODU], [TIG_KODU], [EKLEYEN_KULLANICI_KODU], [KAYIT_ZAMANI]) VALUES (N'GUN3', N'DOZ_PERIYOT', N'Gunde 3', N'3', N'GUN3', N'GUN3', N'GUN3', N'KLN-ADMIN', N'2026-01-08 17:54:27');
INSERT INTO [Lbys].[REFERANS_KODLAR] ([REFERANS_KODU], [KOD_TURU], [REFERANS_ADI], [SKRS_KODU], [MEDULA_KODU], [MKYS_KODU], [TIG_KODU], [EKLEYEN_KULLANICI_KODU], [KAYIT_ZAMANI]) VALUES (N'MG', N'DOZ_BIRIM', N'Miligram', N'1', N'MG', N'MG', N'MG', N'KLN-ADMIN', N'2026-01-08 17:54:27');
INSERT INTO [Lbys].[REFERANS_KODLAR] ([REFERANS_KODU], [KOD_TURU], [REFERANS_ADI], [SKRS_KODU], [MEDULA_KODU], [MKYS_KODU], [TIG_KODU], [EKLEYEN_KULLANICI_KODU], [KAYIT_ZAMANI]) VALUES (N'ML', N'DOZ_BIRIM', N'Mililitre', N'2', N'ML', N'ML', N'ML', N'KLN-ADMIN', N'2026-01-08 17:54:27');
INSERT INTO [Lbys].[REFERANS_KODLAR] ([REFERANS_KODU], [KOD_TURU], [REFERANS_ADI], [SKRS_KODU], [MEDULA_KODU], [MKYS_KODU], [TIG_KODU], [EKLEYEN_KULLANICI_KODU], [KAYIT_ZAMANI]) VALUES (N'ADET', N'DOZ_BIRIM', N'Adet', N'3', N'ADET', N'ADET', N'ADET', N'KLN-ADMIN', N'2026-01-08 17:54:27');
INSERT INTO [Lbys].[REFERANS_KODLAR] ([REFERANS_KODU], [KOD_TURU], [REFERANS_ADI], [SKRS_KODU], [MEDULA_KODU], [MKYS_KODU], [TIG_KODU], [EKLEYEN_KULLANICI_KODU], [KAYIT_ZAMANI]) VALUES (N'KAN', N'NUMUNE_TURU', N'Kan', N'1', N'KAN', N'KAN', N'KAN', N'KLN-ADMIN', N'2026-01-08 17:54:27');
INSERT INTO [Lbys].[REFERANS_KODLAR] ([REFERANS_KODU], [KOD_TURU], [REFERANS_ADI], [SKRS_KODU], [MEDULA_KODU], [MKYS_KODU], [TIG_KODU], [EKLEYEN_KULLANICI_KODU], [KAYIT_ZAMANI]) VALUES (N'IDRAR', N'NUMUNE_TURU', N'Idrar', N'2', N'IDRAR', N'IDRAR', N'IDRAR', N'KLN-ADMIN', N'2026-01-08 17:54:27');
INSERT INTO [Lbys].[REFERANS_KODLAR] ([REFERANS_KODU], [KOD_TURU], [REFERANS_ADI], [SKRS_KODU], [MEDULA_KODU], [MKYS_KODU], [TIG_KODU], [EKLEYEN_KULLANICI_KODU], [KAYIT_ZAMANI]) VALUES (N'BALGAM', N'NUMUNE_TURU', N'Balgam', N'3', N'BALGAM', N'BALGAM', N'BALGAM', N'KLN-ADMIN', N'2026-01-08 17:54:27');
INSERT INTO [Lbys].[REFERANS_KODLAR] ([REFERANS_KODU], [KOD_TURU], [REFERANS_ADI], [SKRS_KODU], [MEDULA_KODU], [MKYS_KODU], [TIG_KODU], [EKLEYEN_KULLANICI_KODU], [KAYIT_ZAMANI]) VALUES (N'DOKU', N'NUMUNE_TURU', N'Doku', N'4', N'DOKU', N'DOKU', N'DOKU', N'KLN-ADMIN', N'2026-01-08 17:54:27');
GO

-- KURUM (1 rows)
INSERT INTO [Lbys].[KURUM] ([KURUM_KODU], [KURUM_ADI], [AKTIFLIK_BILGISI], [EKLEYEN_KULLANICI_KODU], [KAYIT_ZAMANI]) VALUES (N'KRM-001', N'Merkez Hastanesi', N'1', N'KLN-ADMIN', N'2026-01-08 17:54:27');
GO

-- BINA (35 rows)
INSERT INTO [Lbys].[BINA] ([BINA_KODU], [BINA_ADI], [BINA_ADRESI], [EKLEYEN_KULLANICI_KODU], [KAYIT_ZAMANI]) VALUES (N'BNA-001', N'Bina A', N'Ankara Saglik Kampusu', N'KLN-ADMIN', N'2026-01-08 17:54:27');
INSERT INTO [Lbys].[BINA] ([BINA_KODU], [BINA_ADI], [BINA_ADRESI], [EKLEYEN_KULLANICI_KODU], [KAYIT_ZAMANI]) VALUES (N'BNA-002', N'Bina B', N'Istanbul Saglik Kampusu', N'KLN-ADMIN', N'2026-01-08 17:54:27');
INSERT INTO [Lbys].[BINA] ([BINA_KODU], [BINA_ADI], [BINA_ADRESI], [EKLEYEN_KULLANICI_KODU], [KAYIT_ZAMANI]) VALUES (N'BNA-003', N'Bina C', N'Antalya Saglik Kampusu', N'KLN-ADMIN', N'2026-01-08 17:54:27');
INSERT INTO [Lbys].[BINA] ([BINA_KODU], [BINA_ADI], [BINA_ADRESI], [EKLEYEN_KULLANICI_KODU], [KAYIT_ZAMANI]) VALUES (N'BNA-004', N'Bina D', N'Bursa Saglik Kampusu', N'KLN-ADMIN', N'2026-01-08 17:54:27');
INSERT INTO [Lbys].[BINA] ([BINA_KODU], [BINA_ADI], [BINA_ADRESI], [EKLEYEN_KULLANICI_KODU], [KAYIT_ZAMANI]) VALUES (N'BNA-005', N'Bina E', N'Bursa Saglik Kampusu', N'KLN-ADMIN', N'2026-01-08 17:54:27');
INSERT INTO [Lbys].[BINA] ([BINA_KODU], [BINA_ADI], [BINA_ADRESI], [EKLEYEN_KULLANICI_KODU], [KAYIT_ZAMANI]) VALUES (N'BNA-006', N'Bina F', N'Izmir Saglik Kampusu', N'KLN-ADMIN', N'2026-01-08 17:54:27');
INSERT INTO [Lbys].[BINA] ([BINA_KODU], [BINA_ADI], [BINA_ADRESI], [EKLEYEN_KULLANICI_KODU], [KAYIT_ZAMANI]) VALUES (N'BNA-007', N'Bina G', N'Ankara Saglik Kampusu', N'KLN-ADMIN', N'2026-01-08 17:54:27');
INSERT INTO [Lbys].[BINA] ([BINA_KODU], [BINA_ADI], [BINA_ADRESI], [EKLEYEN_KULLANICI_KODU], [KAYIT_ZAMANI]) VALUES (N'BNA-008', N'Bina H', N'Mersin Saglik Kampusu', N'KLN-ADMIN', N'2026-01-08 17:54:27');
INSERT INTO [Lbys].[BINA] ([BINA_KODU], [BINA_ADI], [BINA_ADRESI], [EKLEYEN_KULLANICI_KODU], [KAYIT_ZAMANI]) VALUES (N'BNA-009', N'Bina I', N'Ankara Saglik Kampusu', N'KLN-ADMIN', N'2026-01-08 17:54:27');
INSERT INTO [Lbys].[BINA] ([BINA_KODU], [BINA_ADI], [BINA_ADRESI], [EKLEYEN_KULLANICI_KODU], [KAYIT_ZAMANI]) VALUES (N'BNA-010', N'Bina J', N'Diyarbakir Saglik Kampusu', N'KLN-ADMIN', N'2026-01-08 17:54:27');
INSERT INTO [Lbys].[BINA] ([BINA_KODU], [BINA_ADI], [BINA_ADRESI], [EKLEYEN_KULLANICI_KODU], [KAYIT_ZAMANI]) VALUES (N'BNA-011', N'Bina K', N'Konya Saglik Kampusu', N'KLN-ADMIN', N'2026-01-08 17:54:27');
INSERT INTO [Lbys].[BINA] ([BINA_KODU], [BINA_ADI], [BINA_ADRESI], [EKLEYEN_KULLANICI_KODU], [KAYIT_ZAMANI]) VALUES (N'BNA-012', N'Bina L', N'Istanbul Saglik Kampusu', N'KLN-ADMIN', N'2026-01-08 17:54:27');
INSERT INTO [Lbys].[BINA] ([BINA_KODU], [BINA_ADI], [BINA_ADRESI], [EKLEYEN_KULLANICI_KODU], [KAYIT_ZAMANI]) VALUES (N'BNA-013', N'Bina M', N'Istanbul Saglik Kampusu', N'KLN-ADMIN', N'2026-01-08 17:54:27');
INSERT INTO [Lbys].[BINA] ([BINA_KODU], [BINA_ADI], [BINA_ADRESI], [EKLEYEN_KULLANICI_KODU], [KAYIT_ZAMANI]) VALUES (N'BNA-014', N'Bina N', N'Ankara Saglik Kampusu', N'KLN-ADMIN', N'2026-01-08 17:54:27');
INSERT INTO [Lbys].[BINA] ([BINA_KODU], [BINA_ADI], [BINA_ADRESI], [EKLEYEN_KULLANICI_KODU], [KAYIT_ZAMANI]) VALUES (N'BNA-015', N'Bina O', N'Bursa Saglik Kampusu', N'KLN-ADMIN', N'2026-01-08 17:54:27');
INSERT INTO [Lbys].[BINA] ([BINA_KODU], [BINA_ADI], [BINA_ADRESI], [EKLEYEN_KULLANICI_KODU], [KAYIT_ZAMANI]) VALUES (N'BNA-016', N'Bina P', N'Bursa Saglik Kampusu', N'KLN-ADMIN', N'2026-01-08 17:54:27');
INSERT INTO [Lbys].[BINA] ([BINA_KODU], [BINA_ADI], [BINA_ADRESI], [EKLEYEN_KULLANICI_KODU], [KAYIT_ZAMANI]) VALUES (N'BNA-017', N'Bina Q', N'Mersin Saglik Kampusu', N'KLN-ADMIN', N'2026-01-08 17:54:27');
INSERT INTO [Lbys].[BINA] ([BINA_KODU], [BINA_ADI], [BINA_ADRESI], [EKLEYEN_KULLANICI_KODU], [KAYIT_ZAMANI]) VALUES (N'BNA-018', N'Bina R', N'Diyarbakir Saglik Kampusu', N'KLN-ADMIN', N'2026-01-08 17:54:27');
INSERT INTO [Lbys].[BINA] ([BINA_KODU], [BINA_ADI], [BINA_ADRESI], [EKLEYEN_KULLANICI_KODU], [KAYIT_ZAMANI]) VALUES (N'BNA-019', N'Bina S', N'Istanbul Saglik Kampusu', N'KLN-ADMIN', N'2026-01-08 17:54:27');
INSERT INTO [Lbys].[BINA] ([BINA_KODU], [BINA_ADI], [BINA_ADRESI], [EKLEYEN_KULLANICI_KODU], [KAYIT_ZAMANI]) VALUES (N'BNA-020', N'Bina T', N'Mersin Saglik Kampusu', N'KLN-ADMIN', N'2026-01-08 17:54:27');
INSERT INTO [Lbys].[BINA] ([BINA_KODU], [BINA_ADI], [BINA_ADRESI], [EKLEYEN_KULLANICI_KODU], [KAYIT_ZAMANI]) VALUES (N'BNA-021', N'Bina U', N'Bursa Saglik Kampusu', N'KLN-ADMIN', N'2026-01-08 17:54:27');
INSERT INTO [Lbys].[BINA] ([BINA_KODU], [BINA_ADI], [BINA_ADRESI], [EKLEYEN_KULLANICI_KODU], [KAYIT_ZAMANI]) VALUES (N'BNA-022', N'Bina V', N'Mersin Saglik Kampusu', N'KLN-ADMIN', N'2026-01-08 17:54:27');
INSERT INTO [Lbys].[BINA] ([BINA_KODU], [BINA_ADI], [BINA_ADRESI], [EKLEYEN_KULLANICI_KODU], [KAYIT_ZAMANI]) VALUES (N'BNA-023', N'Bina W', N'Konya Saglik Kampusu', N'KLN-ADMIN', N'2026-01-08 17:54:27');
INSERT INTO [Lbys].[BINA] ([BINA_KODU], [BINA_ADI], [BINA_ADRESI], [EKLEYEN_KULLANICI_KODU], [KAYIT_ZAMANI]) VALUES (N'BNA-024', N'Bina X', N'Bursa Saglik Kampusu', N'KLN-ADMIN', N'2026-01-08 17:54:27');
INSERT INTO [Lbys].[BINA] ([BINA_KODU], [BINA_ADI], [BINA_ADRESI], [EKLEYEN_KULLANICI_KODU], [KAYIT_ZAMANI]) VALUES (N'BNA-025', N'Bina Y', N'Gaziantep Saglik Kampusu', N'KLN-ADMIN', N'2026-01-08 17:54:27');
INSERT INTO [Lbys].[BINA] ([BINA_KODU], [BINA_ADI], [BINA_ADRESI], [EKLEYEN_KULLANICI_KODU], [KAYIT_ZAMANI]) VALUES (N'BNA-026', N'Bina Z', N'Diyarbakir Saglik Kampusu', N'KLN-ADMIN', N'2026-01-08 17:54:27');
INSERT INTO [Lbys].[BINA] ([BINA_KODU], [BINA_ADI], [BINA_ADRESI], [EKLEYEN_KULLANICI_KODU], [KAYIT_ZAMANI]) VALUES (N'BNA-027', N'Bina 27', N'Antalya Saglik Kampusu', N'KLN-ADMIN', N'2026-01-08 17:54:27');
INSERT INTO [Lbys].[BINA] ([BINA_KODU], [BINA_ADI], [BINA_ADRESI], [EKLEYEN_KULLANICI_KODU], [KAYIT_ZAMANI]) VALUES (N'BNA-028', N'Bina 28', N'Istanbul Saglik Kampusu', N'KLN-ADMIN', N'2026-01-08 17:54:27');
INSERT INTO [Lbys].[BINA] ([BINA_KODU], [BINA_ADI], [BINA_ADRESI], [EKLEYEN_KULLANICI_KODU], [KAYIT_ZAMANI]) VALUES (N'BNA-029', N'Bina 29', N'Izmir Saglik Kampusu', N'KLN-ADMIN', N'2026-01-08 17:54:27');
INSERT INTO [Lbys].[BINA] ([BINA_KODU], [BINA_ADI], [BINA_ADRESI], [EKLEYEN_KULLANICI_KODU], [KAYIT_ZAMANI]) VALUES (N'BNA-030', N'Bina 30', N'Konya Saglik Kampusu', N'KLN-ADMIN', N'2026-01-08 17:54:27');
INSERT INTO [Lbys].[BINA] ([BINA_KODU], [BINA_ADI], [BINA_ADRESI], [EKLEYEN_KULLANICI_KODU], [KAYIT_ZAMANI]) VALUES (N'BNA-031', N'Bina 31', N'Adana Saglik Kampusu', N'KLN-ADMIN', N'2026-01-08 17:54:27');
INSERT INTO [Lbys].[BINA] ([BINA_KODU], [BINA_ADI], [BINA_ADRESI], [EKLEYEN_KULLANICI_KODU], [KAYIT_ZAMANI]) VALUES (N'BNA-032', N'Bina 32', N'Antalya Saglik Kampusu', N'KLN-ADMIN', N'2026-01-08 17:54:27');
INSERT INTO [Lbys].[BINA] ([BINA_KODU], [BINA_ADI], [BINA_ADRESI], [EKLEYEN_KULLANICI_KODU], [KAYIT_ZAMANI]) VALUES (N'BNA-033', N'Bina 33', N'Izmir Saglik Kampusu', N'KLN-ADMIN', N'2026-01-08 17:54:27');
INSERT INTO [Lbys].[BINA] ([BINA_KODU], [BINA_ADI], [BINA_ADRESI], [EKLEYEN_KULLANICI_KODU], [KAYIT_ZAMANI]) VALUES (N'BNA-034', N'Bina 34', N'Bursa Saglik Kampusu', N'KLN-ADMIN', N'2026-01-08 17:54:27');
INSERT INTO [Lbys].[BINA] ([BINA_KODU], [BINA_ADI], [BINA_ADRESI], [EKLEYEN_KULLANICI_KODU], [KAYIT_ZAMANI]) VALUES (N'BNA-035', N'Bina 35', N'Adana Saglik Kampusu', N'KLN-ADMIN', N'2026-01-08 17:54:27');
GO

-- BIRIM (35 rows)
INSERT INTO [Lbys].[BIRIM] ([BIRIM_KODU], [BIRIM_ADI], [BIRIM_TURU], [BINA_KODU], [AKTIFLIK_BILGISI], [EKLEYEN_KULLANICI_KODU], [KAYIT_ZAMANI]) VALUES (N'BRM-001', N'Dahiliye Poliklinigi', N'BRM-POL', N'BNA-001', N'1', N'KLN-ADMIN', N'2026-01-08 17:54:27');
INSERT INTO [Lbys].[BIRIM] ([BIRIM_KODU], [BIRIM_ADI], [BIRIM_TURU], [BINA_KODU], [AKTIFLIK_BILGISI], [EKLEYEN_KULLANICI_KODU], [KAYIT_ZAMANI]) VALUES (N'BRM-002', N'Cerrahi Poliklinigi', N'BRM-POL', N'BNA-002', N'1', N'KLN-ADMIN', N'2026-01-08 17:54:27');
INSERT INTO [Lbys].[BIRIM] ([BIRIM_KODU], [BIRIM_ADI], [BIRIM_TURU], [BINA_KODU], [AKTIFLIK_BILGISI], [EKLEYEN_KULLANICI_KODU], [KAYIT_ZAMANI]) VALUES (N'BRM-003', N'Kadin Dogum Poliklinigi', N'BRM-POL', N'BNA-003', N'1', N'KLN-ADMIN', N'2026-01-08 17:54:27');
INSERT INTO [Lbys].[BIRIM] ([BIRIM_KODU], [BIRIM_ADI], [BIRIM_TURU], [BINA_KODU], [AKTIFLIK_BILGISI], [EKLEYEN_KULLANICI_KODU], [KAYIT_ZAMANI]) VALUES (N'BRM-004', N'Cocuk Hastaliklari Poliklinigi', N'BRM-POL', N'BNA-004', N'1', N'KLN-ADMIN', N'2026-01-08 17:54:27');
INSERT INTO [Lbys].[BIRIM] ([BIRIM_KODU], [BIRIM_ADI], [BIRIM_TURU], [BINA_KODU], [AKTIFLIK_BILGISI], [EKLEYEN_KULLANICI_KODU], [KAYIT_ZAMANI]) VALUES (N'BRM-005', N'Acil Servis', N'BRM-ACL', N'BNA-005', N'1', N'KLN-ADMIN', N'2026-01-08 17:54:27');
INSERT INTO [Lbys].[BIRIM] ([BIRIM_KODU], [BIRIM_ADI], [BIRIM_TURU], [BINA_KODU], [AKTIFLIK_BILGISI], [EKLEYEN_KULLANICI_KODU], [KAYIT_ZAMANI]) VALUES (N'BRM-006', N'Dahiliye Servisi', N'BRM-SRV', N'BNA-006', N'1', N'KLN-ADMIN', N'2026-01-08 17:54:27');
INSERT INTO [Lbys].[BIRIM] ([BIRIM_KODU], [BIRIM_ADI], [BIRIM_TURU], [BINA_KODU], [AKTIFLIK_BILGISI], [EKLEYEN_KULLANICI_KODU], [KAYIT_ZAMANI]) VALUES (N'BRM-007', N'Cerrahi Servisi', N'BRM-SRV', N'BNA-007', N'1', N'KLN-ADMIN', N'2026-01-08 17:54:27');
INSERT INTO [Lbys].[BIRIM] ([BIRIM_KODU], [BIRIM_ADI], [BIRIM_TURU], [BINA_KODU], [AKTIFLIK_BILGISI], [EKLEYEN_KULLANICI_KODU], [KAYIT_ZAMANI]) VALUES (N'BRM-008', N'Laboratuvar', N'BRM-LAB', N'BNA-008', N'1', N'KLN-ADMIN', N'2026-01-08 17:54:27');
INSERT INTO [Lbys].[BIRIM] ([BIRIM_KODU], [BIRIM_ADI], [BIRIM_TURU], [BINA_KODU], [AKTIFLIK_BILGISI], [EKLEYEN_KULLANICI_KODU], [KAYIT_ZAMANI]) VALUES (N'BRM-009', N'Radyoloji', N'BRM-RAD', N'BNA-009', N'1', N'KLN-ADMIN', N'2026-01-08 17:54:27');
INSERT INTO [Lbys].[BIRIM] ([BIRIM_KODU], [BIRIM_ADI], [BIRIM_TURU], [BINA_KODU], [AKTIFLIK_BILGISI], [EKLEYEN_KULLANICI_KODU], [KAYIT_ZAMANI]) VALUES (N'BRM-010', N'Ameliyathane', N'BRM-AML', N'BNA-010', N'1', N'KLN-ADMIN', N'2026-01-08 17:54:27');
INSERT INTO [Lbys].[BIRIM] ([BIRIM_KODU], [BIRIM_ADI], [BIRIM_TURU], [BINA_KODU], [AKTIFLIK_BILGISI], [EKLEYEN_KULLANICI_KODU], [KAYIT_ZAMANI]) VALUES (N'BRM-011', N'Yogun Bakim', N'BRM-YBU', N'BNA-011', N'1', N'KLN-ADMIN', N'2026-01-08 17:54:27');
INSERT INTO [Lbys].[BIRIM] ([BIRIM_KODU], [BIRIM_ADI], [BIRIM_TURU], [BINA_KODU], [AKTIFLIK_BILGISI], [EKLEYEN_KULLANICI_KODU], [KAYIT_ZAMANI]) VALUES (N'BRM-012', N'Kardiyoloji Poliklinigi', N'BRM-POL', N'BNA-012', N'1', N'KLN-ADMIN', N'2026-01-08 17:54:27');
INSERT INTO [Lbys].[BIRIM] ([BIRIM_KODU], [BIRIM_ADI], [BIRIM_TURU], [BINA_KODU], [AKTIFLIK_BILGISI], [EKLEYEN_KULLANICI_KODU], [KAYIT_ZAMANI]) VALUES (N'BRM-013', N'Noroloji Poliklinigi', N'BRM-POL', N'BNA-013', N'1', N'KLN-ADMIN', N'2026-01-08 17:54:27');
INSERT INTO [Lbys].[BIRIM] ([BIRIM_KODU], [BIRIM_ADI], [BIRIM_TURU], [BINA_KODU], [AKTIFLIK_BILGISI], [EKLEYEN_KULLANICI_KODU], [KAYIT_ZAMANI]) VALUES (N'BRM-014', N'Ortopedi Poliklinigi', N'BRM-POL', N'BNA-014', N'1', N'KLN-ADMIN', N'2026-01-08 17:54:27');
INSERT INTO [Lbys].[BIRIM] ([BIRIM_KODU], [BIRIM_ADI], [BIRIM_TURU], [BINA_KODU], [AKTIFLIK_BILGISI], [EKLEYEN_KULLANICI_KODU], [KAYIT_ZAMANI]) VALUES (N'BRM-015', N'Goz Hastaliklari Poliklinigi', N'BRM-POL', N'BNA-015', N'1', N'KLN-ADMIN', N'2026-01-08 17:54:27');
INSERT INTO [Lbys].[BIRIM] ([BIRIM_KODU], [BIRIM_ADI], [BIRIM_TURU], [BINA_KODU], [AKTIFLIK_BILGISI], [EKLEYEN_KULLANICI_KODU], [KAYIT_ZAMANI]) VALUES (N'BRM-016', N'Birim 16', N'BRM-POL', N'BNA-016', N'1', N'KLN-ADMIN', N'2026-01-08 17:54:27');
INSERT INTO [Lbys].[BIRIM] ([BIRIM_KODU], [BIRIM_ADI], [BIRIM_TURU], [BINA_KODU], [AKTIFLIK_BILGISI], [EKLEYEN_KULLANICI_KODU], [KAYIT_ZAMANI]) VALUES (N'BRM-017', N'Birim 17', N'BRM-POL', N'BNA-017', N'1', N'KLN-ADMIN', N'2026-01-08 17:54:27');
INSERT INTO [Lbys].[BIRIM] ([BIRIM_KODU], [BIRIM_ADI], [BIRIM_TURU], [BINA_KODU], [AKTIFLIK_BILGISI], [EKLEYEN_KULLANICI_KODU], [KAYIT_ZAMANI]) VALUES (N'BRM-018', N'Birim 18', N'BRM-SRV', N'BNA-018', N'1', N'KLN-ADMIN', N'2026-01-08 17:54:27');
INSERT INTO [Lbys].[BIRIM] ([BIRIM_KODU], [BIRIM_ADI], [BIRIM_TURU], [BINA_KODU], [AKTIFLIK_BILGISI], [EKLEYEN_KULLANICI_KODU], [KAYIT_ZAMANI]) VALUES (N'BRM-019', N'Birim 19', N'BRM-POL', N'BNA-019', N'1', N'KLN-ADMIN', N'2026-01-08 17:54:27');
INSERT INTO [Lbys].[BIRIM] ([BIRIM_KODU], [BIRIM_ADI], [BIRIM_TURU], [BINA_KODU], [AKTIFLIK_BILGISI], [EKLEYEN_KULLANICI_KODU], [KAYIT_ZAMANI]) VALUES (N'BRM-020', N'Birim 20', N'BRM-SRV', N'BNA-020', N'1', N'KLN-ADMIN', N'2026-01-08 17:54:27');
INSERT INTO [Lbys].[BIRIM] ([BIRIM_KODU], [BIRIM_ADI], [BIRIM_TURU], [BINA_KODU], [AKTIFLIK_BILGISI], [EKLEYEN_KULLANICI_KODU], [KAYIT_ZAMANI]) VALUES (N'BRM-021', N'Birim 21', N'BRM-SRV', N'BNA-021', N'1', N'KLN-ADMIN', N'2026-01-08 17:54:27');
INSERT INTO [Lbys].[BIRIM] ([BIRIM_KODU], [BIRIM_ADI], [BIRIM_TURU], [BINA_KODU], [AKTIFLIK_BILGISI], [EKLEYEN_KULLANICI_KODU], [KAYIT_ZAMANI]) VALUES (N'BRM-022', N'Birim 22', N'BRM-LAB', N'BNA-022', N'1', N'KLN-ADMIN', N'2026-01-08 17:54:27');
INSERT INTO [Lbys].[BIRIM] ([BIRIM_KODU], [BIRIM_ADI], [BIRIM_TURU], [BINA_KODU], [AKTIFLIK_BILGISI], [EKLEYEN_KULLANICI_KODU], [KAYIT_ZAMANI]) VALUES (N'BRM-023', N'Birim 23', N'BRM-SRV', N'BNA-023', N'1', N'KLN-ADMIN', N'2026-01-08 17:54:27');
INSERT INTO [Lbys].[BIRIM] ([BIRIM_KODU], [BIRIM_ADI], [BIRIM_TURU], [BINA_KODU], [AKTIFLIK_BILGISI], [EKLEYEN_KULLANICI_KODU], [KAYIT_ZAMANI]) VALUES (N'BRM-024', N'Birim 24', N'BRM-POL', N'BNA-024', N'1', N'KLN-ADMIN', N'2026-01-08 17:54:27');
INSERT INTO [Lbys].[BIRIM] ([BIRIM_KODU], [BIRIM_ADI], [BIRIM_TURU], [BINA_KODU], [AKTIFLIK_BILGISI], [EKLEYEN_KULLANICI_KODU], [KAYIT_ZAMANI]) VALUES (N'BRM-025', N'Birim 25', N'BRM-LAB', N'BNA-025', N'1', N'KLN-ADMIN', N'2026-01-08 17:54:27');
INSERT INTO [Lbys].[BIRIM] ([BIRIM_KODU], [BIRIM_ADI], [BIRIM_TURU], [BINA_KODU], [AKTIFLIK_BILGISI], [EKLEYEN_KULLANICI_KODU], [KAYIT_ZAMANI]) VALUES (N'BRM-026', N'Birim 26', N'BRM-SRV', N'BNA-026', N'1', N'KLN-ADMIN', N'2026-01-08 17:54:27');
INSERT INTO [Lbys].[BIRIM] ([BIRIM_KODU], [BIRIM_ADI], [BIRIM_TURU], [BINA_KODU], [AKTIFLIK_BILGISI], [EKLEYEN_KULLANICI_KODU], [KAYIT_ZAMANI]) VALUES (N'BRM-027', N'Birim 27', N'BRM-LAB', N'BNA-027', N'1', N'KLN-ADMIN', N'2026-01-08 17:54:27');
INSERT INTO [Lbys].[BIRIM] ([BIRIM_KODU], [BIRIM_ADI], [BIRIM_TURU], [BINA_KODU], [AKTIFLIK_BILGISI], [EKLEYEN_KULLANICI_KODU], [KAYIT_ZAMANI]) VALUES (N'BRM-028', N'Birim 28', N'BRM-POL', N'BNA-028', N'1', N'KLN-ADMIN', N'2026-01-08 17:54:27');
INSERT INTO [Lbys].[BIRIM] ([BIRIM_KODU], [BIRIM_ADI], [BIRIM_TURU], [BINA_KODU], [AKTIFLIK_BILGISI], [EKLEYEN_KULLANICI_KODU], [KAYIT_ZAMANI]) VALUES (N'BRM-029', N'Birim 29', N'BRM-SRV', N'BNA-029', N'1', N'KLN-ADMIN', N'2026-01-08 17:54:27');
INSERT INTO [Lbys].[BIRIM] ([BIRIM_KODU], [BIRIM_ADI], [BIRIM_TURU], [BINA_KODU], [AKTIFLIK_BILGISI], [EKLEYEN_KULLANICI_KODU], [KAYIT_ZAMANI]) VALUES (N'BRM-030', N'Birim 30', N'BRM-POL', N'BNA-030', N'1', N'KLN-ADMIN', N'2026-01-08 17:54:27');
INSERT INTO [Lbys].[BIRIM] ([BIRIM_KODU], [BIRIM_ADI], [BIRIM_TURU], [BINA_KODU], [AKTIFLIK_BILGISI], [EKLEYEN_KULLANICI_KODU], [KAYIT_ZAMANI]) VALUES (N'BRM-031', N'Birim 31', N'BRM-LAB', N'BNA-031', N'1', N'KLN-ADMIN', N'2026-01-08 17:54:27');
INSERT INTO [Lbys].[BIRIM] ([BIRIM_KODU], [BIRIM_ADI], [BIRIM_TURU], [BINA_KODU], [AKTIFLIK_BILGISI], [EKLEYEN_KULLANICI_KODU], [KAYIT_ZAMANI]) VALUES (N'BRM-032', N'Birim 32', N'BRM-SRV', N'BNA-032', N'1', N'KLN-ADMIN', N'2026-01-08 17:54:27');
INSERT INTO [Lbys].[BIRIM] ([BIRIM_KODU], [BIRIM_ADI], [BIRIM_TURU], [BINA_KODU], [AKTIFLIK_BILGISI], [EKLEYEN_KULLANICI_KODU], [KAYIT_ZAMANI]) VALUES (N'BRM-033', N'Birim 33', N'BRM-LAB', N'BNA-033', N'1', N'KLN-ADMIN', N'2026-01-08 17:54:27');
INSERT INTO [Lbys].[BIRIM] ([BIRIM_KODU], [BIRIM_ADI], [BIRIM_TURU], [BINA_KODU], [AKTIFLIK_BILGISI], [EKLEYEN_KULLANICI_KODU], [KAYIT_ZAMANI]) VALUES (N'BRM-034', N'Birim 34', N'BRM-LAB', N'BNA-034', N'1', N'KLN-ADMIN', N'2026-01-08 17:54:27');
INSERT INTO [Lbys].[BIRIM] ([BIRIM_KODU], [BIRIM_ADI], [BIRIM_TURU], [BINA_KODU], [AKTIFLIK_BILGISI], [EKLEYEN_KULLANICI_KODU], [KAYIT_ZAMANI]) VALUES (N'BRM-035', N'Birim 35', N'BRM-SRV', N'BNA-035', N'1', N'KLN-ADMIN', N'2026-01-08 17:54:27');
GO

-- ODA (35 rows)
INSERT INTO [Lbys].[ODA] ([ODA_KODU], [ODA_ADI], [BIRIM_KODU], [EKLEYEN_KULLANICI_KODU], [KAYIT_ZAMANI]) VALUES (N'ODA-001', N'Oda 001', N'BRM-001', N'KLN-ADMIN', N'2026-01-08 17:54:27');
INSERT INTO [Lbys].[ODA] ([ODA_KODU], [ODA_ADI], [BIRIM_KODU], [EKLEYEN_KULLANICI_KODU], [KAYIT_ZAMANI]) VALUES (N'ODA-002', N'Oda 002', N'BRM-002', N'KLN-ADMIN', N'2026-01-08 17:54:27');
INSERT INTO [Lbys].[ODA] ([ODA_KODU], [ODA_ADI], [BIRIM_KODU], [EKLEYEN_KULLANICI_KODU], [KAYIT_ZAMANI]) VALUES (N'ODA-003', N'Oda 003', N'BRM-003', N'KLN-ADMIN', N'2026-01-08 17:54:27');
INSERT INTO [Lbys].[ODA] ([ODA_KODU], [ODA_ADI], [BIRIM_KODU], [EKLEYEN_KULLANICI_KODU], [KAYIT_ZAMANI]) VALUES (N'ODA-004', N'Oda 004', N'BRM-004', N'KLN-ADMIN', N'2026-01-08 17:54:27');
INSERT INTO [Lbys].[ODA] ([ODA_KODU], [ODA_ADI], [BIRIM_KODU], [EKLEYEN_KULLANICI_KODU], [KAYIT_ZAMANI]) VALUES (N'ODA-005', N'Oda 005', N'BRM-005', N'KLN-ADMIN', N'2026-01-08 17:54:27');
INSERT INTO [Lbys].[ODA] ([ODA_KODU], [ODA_ADI], [BIRIM_KODU], [EKLEYEN_KULLANICI_KODU], [KAYIT_ZAMANI]) VALUES (N'ODA-006', N'Oda 006', N'BRM-006', N'KLN-ADMIN', N'2026-01-08 17:54:27');
INSERT INTO [Lbys].[ODA] ([ODA_KODU], [ODA_ADI], [BIRIM_KODU], [EKLEYEN_KULLANICI_KODU], [KAYIT_ZAMANI]) VALUES (N'ODA-007', N'Oda 007', N'BRM-007', N'KLN-ADMIN', N'2026-01-08 17:54:27');
INSERT INTO [Lbys].[ODA] ([ODA_KODU], [ODA_ADI], [BIRIM_KODU], [EKLEYEN_KULLANICI_KODU], [KAYIT_ZAMANI]) VALUES (N'ODA-008', N'Oda 008', N'BRM-008', N'KLN-ADMIN', N'2026-01-08 17:54:27');
INSERT INTO [Lbys].[ODA] ([ODA_KODU], [ODA_ADI], [BIRIM_KODU], [EKLEYEN_KULLANICI_KODU], [KAYIT_ZAMANI]) VALUES (N'ODA-009', N'Oda 009', N'BRM-009', N'KLN-ADMIN', N'2026-01-08 17:54:27');
INSERT INTO [Lbys].[ODA] ([ODA_KODU], [ODA_ADI], [BIRIM_KODU], [EKLEYEN_KULLANICI_KODU], [KAYIT_ZAMANI]) VALUES (N'ODA-010', N'Oda 010', N'BRM-010', N'KLN-ADMIN', N'2026-01-08 17:54:27');
INSERT INTO [Lbys].[ODA] ([ODA_KODU], [ODA_ADI], [BIRIM_KODU], [EKLEYEN_KULLANICI_KODU], [KAYIT_ZAMANI]) VALUES (N'ODA-011', N'Oda 011', N'BRM-011', N'KLN-ADMIN', N'2026-01-08 17:54:27');
INSERT INTO [Lbys].[ODA] ([ODA_KODU], [ODA_ADI], [BIRIM_KODU], [EKLEYEN_KULLANICI_KODU], [KAYIT_ZAMANI]) VALUES (N'ODA-012', N'Oda 012', N'BRM-012', N'KLN-ADMIN', N'2026-01-08 17:54:27');
INSERT INTO [Lbys].[ODA] ([ODA_KODU], [ODA_ADI], [BIRIM_KODU], [EKLEYEN_KULLANICI_KODU], [KAYIT_ZAMANI]) VALUES (N'ODA-013', N'Oda 013', N'BRM-013', N'KLN-ADMIN', N'2026-01-08 17:54:27');
INSERT INTO [Lbys].[ODA] ([ODA_KODU], [ODA_ADI], [BIRIM_KODU], [EKLEYEN_KULLANICI_KODU], [KAYIT_ZAMANI]) VALUES (N'ODA-014', N'Oda 014', N'BRM-014', N'KLN-ADMIN', N'2026-01-08 17:54:27');
INSERT INTO [Lbys].[ODA] ([ODA_KODU], [ODA_ADI], [BIRIM_KODU], [EKLEYEN_KULLANICI_KODU], [KAYIT_ZAMANI]) VALUES (N'ODA-015', N'Oda 015', N'BRM-015', N'KLN-ADMIN', N'2026-01-08 17:54:27');
INSERT INTO [Lbys].[ODA] ([ODA_KODU], [ODA_ADI], [BIRIM_KODU], [EKLEYEN_KULLANICI_KODU], [KAYIT_ZAMANI]) VALUES (N'ODA-016', N'Oda 016', N'BRM-016', N'KLN-ADMIN', N'2026-01-08 17:54:27');
INSERT INTO [Lbys].[ODA] ([ODA_KODU], [ODA_ADI], [BIRIM_KODU], [EKLEYEN_KULLANICI_KODU], [KAYIT_ZAMANI]) VALUES (N'ODA-017', N'Oda 017', N'BRM-017', N'KLN-ADMIN', N'2026-01-08 17:54:27');
INSERT INTO [Lbys].[ODA] ([ODA_KODU], [ODA_ADI], [BIRIM_KODU], [EKLEYEN_KULLANICI_KODU], [KAYIT_ZAMANI]) VALUES (N'ODA-018', N'Oda 018', N'BRM-018', N'KLN-ADMIN', N'2026-01-08 17:54:27');
INSERT INTO [Lbys].[ODA] ([ODA_KODU], [ODA_ADI], [BIRIM_KODU], [EKLEYEN_KULLANICI_KODU], [KAYIT_ZAMANI]) VALUES (N'ODA-019', N'Oda 019', N'BRM-019', N'KLN-ADMIN', N'2026-01-08 17:54:27');
INSERT INTO [Lbys].[ODA] ([ODA_KODU], [ODA_ADI], [BIRIM_KODU], [EKLEYEN_KULLANICI_KODU], [KAYIT_ZAMANI]) VALUES (N'ODA-020', N'Oda 020', N'BRM-020', N'KLN-ADMIN', N'2026-01-08 17:54:27');
INSERT INTO [Lbys].[ODA] ([ODA_KODU], [ODA_ADI], [BIRIM_KODU], [EKLEYEN_KULLANICI_KODU], [KAYIT_ZAMANI]) VALUES (N'ODA-021', N'Oda 021', N'BRM-021', N'KLN-ADMIN', N'2026-01-08 17:54:27');
INSERT INTO [Lbys].[ODA] ([ODA_KODU], [ODA_ADI], [BIRIM_KODU], [EKLEYEN_KULLANICI_KODU], [KAYIT_ZAMANI]) VALUES (N'ODA-022', N'Oda 022', N'BRM-022', N'KLN-ADMIN', N'2026-01-08 17:54:27');
INSERT INTO [Lbys].[ODA] ([ODA_KODU], [ODA_ADI], [BIRIM_KODU], [EKLEYEN_KULLANICI_KODU], [KAYIT_ZAMANI]) VALUES (N'ODA-023', N'Oda 023', N'BRM-023', N'KLN-ADMIN', N'2026-01-08 17:54:27');
INSERT INTO [Lbys].[ODA] ([ODA_KODU], [ODA_ADI], [BIRIM_KODU], [EKLEYEN_KULLANICI_KODU], [KAYIT_ZAMANI]) VALUES (N'ODA-024', N'Oda 024', N'BRM-024', N'KLN-ADMIN', N'2026-01-08 17:54:27');
INSERT INTO [Lbys].[ODA] ([ODA_KODU], [ODA_ADI], [BIRIM_KODU], [EKLEYEN_KULLANICI_KODU], [KAYIT_ZAMANI]) VALUES (N'ODA-025', N'Oda 025', N'BRM-025', N'KLN-ADMIN', N'2026-01-08 17:54:27');
INSERT INTO [Lbys].[ODA] ([ODA_KODU], [ODA_ADI], [BIRIM_KODU], [EKLEYEN_KULLANICI_KODU], [KAYIT_ZAMANI]) VALUES (N'ODA-026', N'Oda 026', N'BRM-026', N'KLN-ADMIN', N'2026-01-08 17:54:27');
INSERT INTO [Lbys].[ODA] ([ODA_KODU], [ODA_ADI], [BIRIM_KODU], [EKLEYEN_KULLANICI_KODU], [KAYIT_ZAMANI]) VALUES (N'ODA-027', N'Oda 027', N'BRM-027', N'KLN-ADMIN', N'2026-01-08 17:54:27');
INSERT INTO [Lbys].[ODA] ([ODA_KODU], [ODA_ADI], [BIRIM_KODU], [EKLEYEN_KULLANICI_KODU], [KAYIT_ZAMANI]) VALUES (N'ODA-028', N'Oda 028', N'BRM-028', N'KLN-ADMIN', N'2026-01-08 17:54:27');
INSERT INTO [Lbys].[ODA] ([ODA_KODU], [ODA_ADI], [BIRIM_KODU], [EKLEYEN_KULLANICI_KODU], [KAYIT_ZAMANI]) VALUES (N'ODA-029', N'Oda 029', N'BRM-029', N'KLN-ADMIN', N'2026-01-08 17:54:27');
INSERT INTO [Lbys].[ODA] ([ODA_KODU], [ODA_ADI], [BIRIM_KODU], [EKLEYEN_KULLANICI_KODU], [KAYIT_ZAMANI]) VALUES (N'ODA-030', N'Oda 030', N'BRM-030', N'KLN-ADMIN', N'2026-01-08 17:54:27');
INSERT INTO [Lbys].[ODA] ([ODA_KODU], [ODA_ADI], [BIRIM_KODU], [EKLEYEN_KULLANICI_KODU], [KAYIT_ZAMANI]) VALUES (N'ODA-031', N'Oda 031', N'BRM-031', N'KLN-ADMIN', N'2026-01-08 17:54:27');
INSERT INTO [Lbys].[ODA] ([ODA_KODU], [ODA_ADI], [BIRIM_KODU], [EKLEYEN_KULLANICI_KODU], [KAYIT_ZAMANI]) VALUES (N'ODA-032', N'Oda 032', N'BRM-032', N'KLN-ADMIN', N'2026-01-08 17:54:27');
INSERT INTO [Lbys].[ODA] ([ODA_KODU], [ODA_ADI], [BIRIM_KODU], [EKLEYEN_KULLANICI_KODU], [KAYIT_ZAMANI]) VALUES (N'ODA-033', N'Oda 033', N'BRM-033', N'KLN-ADMIN', N'2026-01-08 17:54:27');
INSERT INTO [Lbys].[ODA] ([ODA_KODU], [ODA_ADI], [BIRIM_KODU], [EKLEYEN_KULLANICI_KODU], [KAYIT_ZAMANI]) VALUES (N'ODA-034', N'Oda 034', N'BRM-034', N'KLN-ADMIN', N'2026-01-08 17:54:27');
INSERT INTO [Lbys].[ODA] ([ODA_KODU], [ODA_ADI], [BIRIM_KODU], [EKLEYEN_KULLANICI_KODU], [KAYIT_ZAMANI]) VALUES (N'ODA-035', N'Oda 035', N'BRM-035', N'KLN-ADMIN', N'2026-01-08 17:54:27');
GO

-- YATAK (35 rows)
INSERT INTO [Lbys].[YATAK] ([YATAK_KODU], [YATAK_ADI], [ODA_KODU], [AKTIF], [EKLEYEN_KULLANICI_KODU], [KAYIT_ZAMANI]) VALUES (N'YTK-001', N'Yatak 001', N'ODA-001', 1, N'KLN-ADMIN', N'2026-01-08 17:54:27');
INSERT INTO [Lbys].[YATAK] ([YATAK_KODU], [YATAK_ADI], [ODA_KODU], [AKTIF], [EKLEYEN_KULLANICI_KODU], [KAYIT_ZAMANI]) VALUES (N'YTK-002', N'Yatak 002', N'ODA-002', 1, N'KLN-ADMIN', N'2026-01-08 17:54:27');
INSERT INTO [Lbys].[YATAK] ([YATAK_KODU], [YATAK_ADI], [ODA_KODU], [AKTIF], [EKLEYEN_KULLANICI_KODU], [KAYIT_ZAMANI]) VALUES (N'YTK-003', N'Yatak 003', N'ODA-003', 1, N'KLN-ADMIN', N'2026-01-08 17:54:27');
INSERT INTO [Lbys].[YATAK] ([YATAK_KODU], [YATAK_ADI], [ODA_KODU], [AKTIF], [EKLEYEN_KULLANICI_KODU], [KAYIT_ZAMANI]) VALUES (N'YTK-004', N'Yatak 004', N'ODA-004', 1, N'KLN-ADMIN', N'2026-01-08 17:54:27');
INSERT INTO [Lbys].[YATAK] ([YATAK_KODU], [YATAK_ADI], [ODA_KODU], [AKTIF], [EKLEYEN_KULLANICI_KODU], [KAYIT_ZAMANI]) VALUES (N'YTK-005', N'Yatak 005', N'ODA-005', 1, N'KLN-ADMIN', N'2026-01-08 17:54:27');
INSERT INTO [Lbys].[YATAK] ([YATAK_KODU], [YATAK_ADI], [ODA_KODU], [AKTIF], [EKLEYEN_KULLANICI_KODU], [KAYIT_ZAMANI]) VALUES (N'YTK-006', N'Yatak 006', N'ODA-006', 1, N'KLN-ADMIN', N'2026-01-08 17:54:27');
INSERT INTO [Lbys].[YATAK] ([YATAK_KODU], [YATAK_ADI], [ODA_KODU], [AKTIF], [EKLEYEN_KULLANICI_KODU], [KAYIT_ZAMANI]) VALUES (N'YTK-007', N'Yatak 007', N'ODA-007', 1, N'KLN-ADMIN', N'2026-01-08 17:54:27');
INSERT INTO [Lbys].[YATAK] ([YATAK_KODU], [YATAK_ADI], [ODA_KODU], [AKTIF], [EKLEYEN_KULLANICI_KODU], [KAYIT_ZAMANI]) VALUES (N'YTK-008', N'Yatak 008', N'ODA-008', 1, N'KLN-ADMIN', N'2026-01-08 17:54:27');
INSERT INTO [Lbys].[YATAK] ([YATAK_KODU], [YATAK_ADI], [ODA_KODU], [AKTIF], [EKLEYEN_KULLANICI_KODU], [KAYIT_ZAMANI]) VALUES (N'YTK-009', N'Yatak 009', N'ODA-009', 1, N'KLN-ADMIN', N'2026-01-08 17:54:27');
INSERT INTO [Lbys].[YATAK] ([YATAK_KODU], [YATAK_ADI], [ODA_KODU], [AKTIF], [EKLEYEN_KULLANICI_KODU], [KAYIT_ZAMANI]) VALUES (N'YTK-010', N'Yatak 010', N'ODA-010', 1, N'KLN-ADMIN', N'2026-01-08 17:54:27');
INSERT INTO [Lbys].[YATAK] ([YATAK_KODU], [YATAK_ADI], [ODA_KODU], [AKTIF], [EKLEYEN_KULLANICI_KODU], [KAYIT_ZAMANI]) VALUES (N'YTK-011', N'Yatak 011', N'ODA-011', 1, N'KLN-ADMIN', N'2026-01-08 17:54:27');
INSERT INTO [Lbys].[YATAK] ([YATAK_KODU], [YATAK_ADI], [ODA_KODU], [AKTIF], [EKLEYEN_KULLANICI_KODU], [KAYIT_ZAMANI]) VALUES (N'YTK-012', N'Yatak 012', N'ODA-012', 1, N'KLN-ADMIN', N'2026-01-08 17:54:27');
INSERT INTO [Lbys].[YATAK] ([YATAK_KODU], [YATAK_ADI], [ODA_KODU], [AKTIF], [EKLEYEN_KULLANICI_KODU], [KAYIT_ZAMANI]) VALUES (N'YTK-013', N'Yatak 013', N'ODA-013', 1, N'KLN-ADMIN', N'2026-01-08 17:54:27');
INSERT INTO [Lbys].[YATAK] ([YATAK_KODU], [YATAK_ADI], [ODA_KODU], [AKTIF], [EKLEYEN_KULLANICI_KODU], [KAYIT_ZAMANI]) VALUES (N'YTK-014', N'Yatak 014', N'ODA-014', 1, N'KLN-ADMIN', N'2026-01-08 17:54:27');
INSERT INTO [Lbys].[YATAK] ([YATAK_KODU], [YATAK_ADI], [ODA_KODU], [AKTIF], [EKLEYEN_KULLANICI_KODU], [KAYIT_ZAMANI]) VALUES (N'YTK-015', N'Yatak 015', N'ODA-015', 1, N'KLN-ADMIN', N'2026-01-08 17:54:27');
INSERT INTO [Lbys].[YATAK] ([YATAK_KODU], [YATAK_ADI], [ODA_KODU], [AKTIF], [EKLEYEN_KULLANICI_KODU], [KAYIT_ZAMANI]) VALUES (N'YTK-016', N'Yatak 016', N'ODA-016', 1, N'KLN-ADMIN', N'2026-01-08 17:54:27');
INSERT INTO [Lbys].[YATAK] ([YATAK_KODU], [YATAK_ADI], [ODA_KODU], [AKTIF], [EKLEYEN_KULLANICI_KODU], [KAYIT_ZAMANI]) VALUES (N'YTK-017', N'Yatak 017', N'ODA-017', 1, N'KLN-ADMIN', N'2026-01-08 17:54:27');
INSERT INTO [Lbys].[YATAK] ([YATAK_KODU], [YATAK_ADI], [ODA_KODU], [AKTIF], [EKLEYEN_KULLANICI_KODU], [KAYIT_ZAMANI]) VALUES (N'YTK-018', N'Yatak 018', N'ODA-018', 1, N'KLN-ADMIN', N'2026-01-08 17:54:27');
INSERT INTO [Lbys].[YATAK] ([YATAK_KODU], [YATAK_ADI], [ODA_KODU], [AKTIF], [EKLEYEN_KULLANICI_KODU], [KAYIT_ZAMANI]) VALUES (N'YTK-019', N'Yatak 019', N'ODA-019', 1, N'KLN-ADMIN', N'2026-01-08 17:54:27');
INSERT INTO [Lbys].[YATAK] ([YATAK_KODU], [YATAK_ADI], [ODA_KODU], [AKTIF], [EKLEYEN_KULLANICI_KODU], [KAYIT_ZAMANI]) VALUES (N'YTK-020', N'Yatak 020', N'ODA-020', 1, N'KLN-ADMIN', N'2026-01-08 17:54:27');
INSERT INTO [Lbys].[YATAK] ([YATAK_KODU], [YATAK_ADI], [ODA_KODU], [AKTIF], [EKLEYEN_KULLANICI_KODU], [KAYIT_ZAMANI]) VALUES (N'YTK-021', N'Yatak 021', N'ODA-021', 1, N'KLN-ADMIN', N'2026-01-08 17:54:27');
INSERT INTO [Lbys].[YATAK] ([YATAK_KODU], [YATAK_ADI], [ODA_KODU], [AKTIF], [EKLEYEN_KULLANICI_KODU], [KAYIT_ZAMANI]) VALUES (N'YTK-022', N'Yatak 022', N'ODA-022', 1, N'KLN-ADMIN', N'2026-01-08 17:54:27');
INSERT INTO [Lbys].[YATAK] ([YATAK_KODU], [YATAK_ADI], [ODA_KODU], [AKTIF], [EKLEYEN_KULLANICI_KODU], [KAYIT_ZAMANI]) VALUES (N'YTK-023', N'Yatak 023', N'ODA-023', 1, N'KLN-ADMIN', N'2026-01-08 17:54:27');
INSERT INTO [Lbys].[YATAK] ([YATAK_KODU], [YATAK_ADI], [ODA_KODU], [AKTIF], [EKLEYEN_KULLANICI_KODU], [KAYIT_ZAMANI]) VALUES (N'YTK-024', N'Yatak 024', N'ODA-024', 1, N'KLN-ADMIN', N'2026-01-08 17:54:27');
INSERT INTO [Lbys].[YATAK] ([YATAK_KODU], [YATAK_ADI], [ODA_KODU], [AKTIF], [EKLEYEN_KULLANICI_KODU], [KAYIT_ZAMANI]) VALUES (N'YTK-025', N'Yatak 025', N'ODA-025', 1, N'KLN-ADMIN', N'2026-01-08 17:54:27');
INSERT INTO [Lbys].[YATAK] ([YATAK_KODU], [YATAK_ADI], [ODA_KODU], [AKTIF], [EKLEYEN_KULLANICI_KODU], [KAYIT_ZAMANI]) VALUES (N'YTK-026', N'Yatak 026', N'ODA-026', 1, N'KLN-ADMIN', N'2026-01-08 17:54:27');
INSERT INTO [Lbys].[YATAK] ([YATAK_KODU], [YATAK_ADI], [ODA_KODU], [AKTIF], [EKLEYEN_KULLANICI_KODU], [KAYIT_ZAMANI]) VALUES (N'YTK-027', N'Yatak 027', N'ODA-027', 1, N'KLN-ADMIN', N'2026-01-08 17:54:27');
INSERT INTO [Lbys].[YATAK] ([YATAK_KODU], [YATAK_ADI], [ODA_KODU], [AKTIF], [EKLEYEN_KULLANICI_KODU], [KAYIT_ZAMANI]) VALUES (N'YTK-028', N'Yatak 028', N'ODA-028', 1, N'KLN-ADMIN', N'2026-01-08 17:54:27');
INSERT INTO [Lbys].[YATAK] ([YATAK_KODU], [YATAK_ADI], [ODA_KODU], [AKTIF], [EKLEYEN_KULLANICI_KODU], [KAYIT_ZAMANI]) VALUES (N'YTK-029', N'Yatak 029', N'ODA-029', 1, N'KLN-ADMIN', N'2026-01-08 17:54:27');
INSERT INTO [Lbys].[YATAK] ([YATAK_KODU], [YATAK_ADI], [ODA_KODU], [AKTIF], [EKLEYEN_KULLANICI_KODU], [KAYIT_ZAMANI]) VALUES (N'YTK-030', N'Yatak 030', N'ODA-030', 1, N'KLN-ADMIN', N'2026-01-08 17:54:27');
INSERT INTO [Lbys].[YATAK] ([YATAK_KODU], [YATAK_ADI], [ODA_KODU], [AKTIF], [EKLEYEN_KULLANICI_KODU], [KAYIT_ZAMANI]) VALUES (N'YTK-031', N'Yatak 031', N'ODA-031', 1, N'KLN-ADMIN', N'2026-01-08 17:54:27');
INSERT INTO [Lbys].[YATAK] ([YATAK_KODU], [YATAK_ADI], [ODA_KODU], [AKTIF], [EKLEYEN_KULLANICI_KODU], [KAYIT_ZAMANI]) VALUES (N'YTK-032', N'Yatak 032', N'ODA-032', 1, N'KLN-ADMIN', N'2026-01-08 17:54:27');
INSERT INTO [Lbys].[YATAK] ([YATAK_KODU], [YATAK_ADI], [ODA_KODU], [AKTIF], [EKLEYEN_KULLANICI_KODU], [KAYIT_ZAMANI]) VALUES (N'YTK-033', N'Yatak 033', N'ODA-033', 1, N'KLN-ADMIN', N'2026-01-08 17:54:27');
INSERT INTO [Lbys].[YATAK] ([YATAK_KODU], [YATAK_ADI], [ODA_KODU], [AKTIF], [EKLEYEN_KULLANICI_KODU], [KAYIT_ZAMANI]) VALUES (N'YTK-034', N'Yatak 034', N'ODA-034', 1, N'KLN-ADMIN', N'2026-01-08 17:54:27');
INSERT INTO [Lbys].[YATAK] ([YATAK_KODU], [YATAK_ADI], [ODA_KODU], [AKTIF], [EKLEYEN_KULLANICI_KODU], [KAYIT_ZAMANI]) VALUES (N'YTK-035', N'Yatak 035', N'ODA-035', 1, N'KLN-ADMIN', N'2026-01-08 17:54:27');
GO

-- CIHAZ (35 rows)
INSERT INTO [Lbys].[CIHAZ] ([CIHAZ_KODU], [CIHAZ_ADI], [CIHAZ_MARKASI], [CIHAZ_MODELI], [SERI_NUMARASI], [BIRIM_KODU], [AKTIFLIK_BILGISI], [EKLEYEN_KULLANICI_KODU], [KAYIT_ZAMANI]) VALUES (N'CHZ-001', N'Biyokimya Analizoru', N'Siemens', N'BYK-1000', N'SN705397', N'BRM-001', N'1', N'KLN-ADMIN', N'2026-01-08 17:54:27');
INSERT INTO [Lbys].[CIHAZ] ([CIHAZ_KODU], [CIHAZ_ADI], [CIHAZ_MARKASI], [CIHAZ_MODELI], [SERI_NUMARASI], [BIRIM_KODU], [AKTIFLIK_BILGISI], [EKLEYEN_KULLANICI_KODU], [KAYIT_ZAMANI]) VALUES (N'CHZ-002', N'Hemogram Cihazi', N'Sysmex', N'HEM-2000', N'SN301629', N'BRM-002', N'1', N'KLN-ADMIN', N'2026-01-08 17:54:27');
INSERT INTO [Lbys].[CIHAZ] ([CIHAZ_KODU], [CIHAZ_ADI], [CIHAZ_MARKASI], [CIHAZ_MODELI], [SERI_NUMARASI], [BIRIM_KODU], [AKTIFLIK_BILGISI], [EKLEYEN_KULLANICI_KODU], [KAYIT_ZAMANI]) VALUES (N'CHZ-003', N'Idrar Analizoru', N'Roche', N'IDR-500', N'SN838797', N'BRM-003', N'1', N'KLN-ADMIN', N'2026-01-08 17:54:27');
INSERT INTO [Lbys].[CIHAZ] ([CIHAZ_KODU], [CIHAZ_ADI], [CIHAZ_MARKASI], [CIHAZ_MODELI], [SERI_NUMARASI], [BIRIM_KODU], [AKTIFLIK_BILGISI], [EKLEYEN_KULLANICI_KODU], [KAYIT_ZAMANI]) VALUES (N'CHZ-004', N'Rontgen Cihazi', N'GE', N'RTG-3000', N'SN172933', N'BRM-004', N'1', N'KLN-ADMIN', N'2026-01-08 17:54:27');
INSERT INTO [Lbys].[CIHAZ] ([CIHAZ_KODU], [CIHAZ_ADI], [CIHAZ_MARKASI], [CIHAZ_MODELI], [SERI_NUMARASI], [BIRIM_KODU], [AKTIFLIK_BILGISI], [EKLEYEN_KULLANICI_KODU], [KAYIT_ZAMANI]) VALUES (N'CHZ-005', N'Ultrason Cihazi', N'Philips', N'USG-4000', N'SN148050', N'BRM-005', N'1', N'KLN-ADMIN', N'2026-01-08 17:54:27');
INSERT INTO [Lbys].[CIHAZ] ([CIHAZ_KODU], [CIHAZ_ADI], [CIHAZ_MARKASI], [CIHAZ_MODELI], [SERI_NUMARASI], [BIRIM_KODU], [AKTIFLIK_BILGISI], [EKLEYEN_KULLANICI_KODU], [KAYIT_ZAMANI]) VALUES (N'CHZ-006', N'BT Cihazi', N'Toshiba', N'CT-5000', N'SN793384', N'BRM-006', N'1', N'KLN-ADMIN', N'2026-01-08 17:54:27');
INSERT INTO [Lbys].[CIHAZ] ([CIHAZ_KODU], [CIHAZ_ADI], [CIHAZ_MARKASI], [CIHAZ_MODELI], [SERI_NUMARASI], [BIRIM_KODU], [AKTIFLIK_BILGISI], [EKLEYEN_KULLANICI_KODU], [KAYIT_ZAMANI]) VALUES (N'CHZ-007', N'MR Cihazi', N'Siemens', N'MR-6000', N'SN338968', N'BRM-007', N'1', N'KLN-ADMIN', N'2026-01-08 17:54:27');
INSERT INTO [Lbys].[CIHAZ] ([CIHAZ_KODU], [CIHAZ_ADI], [CIHAZ_MARKASI], [CIHAZ_MODELI], [SERI_NUMARASI], [BIRIM_KODU], [AKTIFLIK_BILGISI], [EKLEYEN_KULLANICI_KODU], [KAYIT_ZAMANI]) VALUES (N'CHZ-008', N'Ventilator', N'Drager', N'VNT-100', N'SN910620', N'BRM-008', N'1', N'KLN-ADMIN', N'2026-01-08 17:54:27');
INSERT INTO [Lbys].[CIHAZ] ([CIHAZ_KODU], [CIHAZ_ADI], [CIHAZ_MARKASI], [CIHAZ_MODELI], [SERI_NUMARASI], [BIRIM_KODU], [AKTIFLIK_BILGISI], [EKLEYEN_KULLANICI_KODU], [KAYIT_ZAMANI]) VALUES (N'CHZ-009', N'Monitor', N'Philips', N'MON-200', N'SN403445', N'BRM-009', N'1', N'KLN-ADMIN', N'2026-01-08 17:54:27');
INSERT INTO [Lbys].[CIHAZ] ([CIHAZ_KODU], [CIHAZ_ADI], [CIHAZ_MARKASI], [CIHAZ_MODELI], [SERI_NUMARASI], [BIRIM_KODU], [AKTIFLIK_BILGISI], [EKLEYEN_KULLANICI_KODU], [KAYIT_ZAMANI]) VALUES (N'CHZ-010', N'EKG Cihazi', N'GE', N'EKG-300', N'SN183667', N'BRM-010', N'1', N'KLN-ADMIN', N'2026-01-08 17:54:27');
INSERT INTO [Lbys].[CIHAZ] ([CIHAZ_KODU], [CIHAZ_ADI], [CIHAZ_MARKASI], [CIHAZ_MODELI], [SERI_NUMARASI], [BIRIM_KODU], [AKTIFLIK_BILGISI], [EKLEYEN_KULLANICI_KODU], [KAYIT_ZAMANI]) VALUES (N'CHZ-011', N'Defibrilator', N'Zoll', N'DEF-400', N'SN996865', N'BRM-011', N'1', N'KLN-ADMIN', N'2026-01-08 17:54:27');
INSERT INTO [Lbys].[CIHAZ] ([CIHAZ_KODU], [CIHAZ_ADI], [CIHAZ_MARKASI], [CIHAZ_MODELI], [SERI_NUMARASI], [BIRIM_KODU], [AKTIFLIK_BILGISI], [EKLEYEN_KULLANICI_KODU], [KAYIT_ZAMANI]) VALUES (N'CHZ-012', N'Anestezi Cihazi', N'Drager', N'ANS-500', N'SN344098', N'BRM-012', N'1', N'KLN-ADMIN', N'2026-01-08 17:54:27');
INSERT INTO [Lbys].[CIHAZ] ([CIHAZ_KODU], [CIHAZ_ADI], [CIHAZ_MARKASI], [CIHAZ_MODELI], [SERI_NUMARASI], [BIRIM_KODU], [AKTIFLIK_BILGISI], [EKLEYEN_KULLANICI_KODU], [KAYIT_ZAMANI]) VALUES (N'CHZ-013', N'Cihaz 13', N'Generic', N'GEN-013', N'SN205907', N'BRM-013', N'1', N'KLN-ADMIN', N'2026-01-08 17:54:27');
INSERT INTO [Lbys].[CIHAZ] ([CIHAZ_KODU], [CIHAZ_ADI], [CIHAZ_MARKASI], [CIHAZ_MODELI], [SERI_NUMARASI], [BIRIM_KODU], [AKTIFLIK_BILGISI], [EKLEYEN_KULLANICI_KODU], [KAYIT_ZAMANI]) VALUES (N'CHZ-014', N'Cihaz 14', N'Generic', N'GEN-014', N'SN498591', N'BRM-014', N'1', N'KLN-ADMIN', N'2026-01-08 17:54:27');
INSERT INTO [Lbys].[CIHAZ] ([CIHAZ_KODU], [CIHAZ_ADI], [CIHAZ_MARKASI], [CIHAZ_MODELI], [SERI_NUMARASI], [BIRIM_KODU], [AKTIFLIK_BILGISI], [EKLEYEN_KULLANICI_KODU], [KAYIT_ZAMANI]) VALUES (N'CHZ-015', N'Cihaz 15', N'Generic', N'GEN-015', N'SN391476', N'BRM-015', N'1', N'KLN-ADMIN', N'2026-01-08 17:54:27');
INSERT INTO [Lbys].[CIHAZ] ([CIHAZ_KODU], [CIHAZ_ADI], [CIHAZ_MARKASI], [CIHAZ_MODELI], [SERI_NUMARASI], [BIRIM_KODU], [AKTIFLIK_BILGISI], [EKLEYEN_KULLANICI_KODU], [KAYIT_ZAMANI]) VALUES (N'CHZ-016', N'Cihaz 16', N'Generic', N'GEN-016', N'SN575435', N'BRM-016', N'1', N'KLN-ADMIN', N'2026-01-08 17:54:27');
INSERT INTO [Lbys].[CIHAZ] ([CIHAZ_KODU], [CIHAZ_ADI], [CIHAZ_MARKASI], [CIHAZ_MODELI], [SERI_NUMARASI], [BIRIM_KODU], [AKTIFLIK_BILGISI], [EKLEYEN_KULLANICI_KODU], [KAYIT_ZAMANI]) VALUES (N'CHZ-017', N'Cihaz 17', N'Generic', N'GEN-017', N'SN766563', N'BRM-017', N'1', N'KLN-ADMIN', N'2026-01-08 17:54:27');
INSERT INTO [Lbys].[CIHAZ] ([CIHAZ_KODU], [CIHAZ_ADI], [CIHAZ_MARKASI], [CIHAZ_MODELI], [SERI_NUMARASI], [BIRIM_KODU], [AKTIFLIK_BILGISI], [EKLEYEN_KULLANICI_KODU], [KAYIT_ZAMANI]) VALUES (N'CHZ-018', N'Cihaz 18', N'Generic', N'GEN-018', N'SN974628', N'BRM-018', N'1', N'KLN-ADMIN', N'2026-01-08 17:54:27');
INSERT INTO [Lbys].[CIHAZ] ([CIHAZ_KODU], [CIHAZ_ADI], [CIHAZ_MARKASI], [CIHAZ_MODELI], [SERI_NUMARASI], [BIRIM_KODU], [AKTIFLIK_BILGISI], [EKLEYEN_KULLANICI_KODU], [KAYIT_ZAMANI]) VALUES (N'CHZ-019', N'Cihaz 19', N'Generic', N'GEN-019', N'SN482554', N'BRM-019', N'1', N'KLN-ADMIN', N'2026-01-08 17:54:27');
INSERT INTO [Lbys].[CIHAZ] ([CIHAZ_KODU], [CIHAZ_ADI], [CIHAZ_MARKASI], [CIHAZ_MODELI], [SERI_NUMARASI], [BIRIM_KODU], [AKTIFLIK_BILGISI], [EKLEYEN_KULLANICI_KODU], [KAYIT_ZAMANI]) VALUES (N'CHZ-020', N'Cihaz 20', N'Generic', N'GEN-020', N'SN270555', N'BRM-020', N'1', N'KLN-ADMIN', N'2026-01-08 17:54:27');
INSERT INTO [Lbys].[CIHAZ] ([CIHAZ_KODU], [CIHAZ_ADI], [CIHAZ_MARKASI], [CIHAZ_MODELI], [SERI_NUMARASI], [BIRIM_KODU], [AKTIFLIK_BILGISI], [EKLEYEN_KULLANICI_KODU], [KAYIT_ZAMANI]) VALUES (N'CHZ-021', N'Cihaz 21', N'Generic', N'GEN-021', N'SN488162', N'BRM-021', N'1', N'KLN-ADMIN', N'2026-01-08 17:54:27');
INSERT INTO [Lbys].[CIHAZ] ([CIHAZ_KODU], [CIHAZ_ADI], [CIHAZ_MARKASI], [CIHAZ_MODELI], [SERI_NUMARASI], [BIRIM_KODU], [AKTIFLIK_BILGISI], [EKLEYEN_KULLANICI_KODU], [KAYIT_ZAMANI]) VALUES (N'CHZ-022', N'Cihaz 22', N'Generic', N'GEN-022', N'SN472528', N'BRM-022', N'1', N'KLN-ADMIN', N'2026-01-08 17:54:27');
INSERT INTO [Lbys].[CIHAZ] ([CIHAZ_KODU], [CIHAZ_ADI], [CIHAZ_MARKASI], [CIHAZ_MODELI], [SERI_NUMARASI], [BIRIM_KODU], [AKTIFLIK_BILGISI], [EKLEYEN_KULLANICI_KODU], [KAYIT_ZAMANI]) VALUES (N'CHZ-023', N'Cihaz 23', N'Generic', N'GEN-023', N'SN319684', N'BRM-023', N'1', N'KLN-ADMIN', N'2026-01-08 17:54:27');
INSERT INTO [Lbys].[CIHAZ] ([CIHAZ_KODU], [CIHAZ_ADI], [CIHAZ_MARKASI], [CIHAZ_MODELI], [SERI_NUMARASI], [BIRIM_KODU], [AKTIFLIK_BILGISI], [EKLEYEN_KULLANICI_KODU], [KAYIT_ZAMANI]) VALUES (N'CHZ-024', N'Cihaz 24', N'Generic', N'GEN-024', N'SN802729', N'BRM-024', N'1', N'KLN-ADMIN', N'2026-01-08 17:54:27');
INSERT INTO [Lbys].[CIHAZ] ([CIHAZ_KODU], [CIHAZ_ADI], [CIHAZ_MARKASI], [CIHAZ_MODELI], [SERI_NUMARASI], [BIRIM_KODU], [AKTIFLIK_BILGISI], [EKLEYEN_KULLANICI_KODU], [KAYIT_ZAMANI]) VALUES (N'CHZ-025', N'Cihaz 25', N'Generic', N'GEN-025', N'SN379946', N'BRM-025', N'1', N'KLN-ADMIN', N'2026-01-08 17:54:27');
INSERT INTO [Lbys].[CIHAZ] ([CIHAZ_KODU], [CIHAZ_ADI], [CIHAZ_MARKASI], [CIHAZ_MODELI], [SERI_NUMARASI], [BIRIM_KODU], [AKTIFLIK_BILGISI], [EKLEYEN_KULLANICI_KODU], [KAYIT_ZAMANI]) VALUES (N'CHZ-026', N'Cihaz 26', N'Generic', N'GEN-026', N'SN835911', N'BRM-026', N'1', N'KLN-ADMIN', N'2026-01-08 17:54:27');
INSERT INTO [Lbys].[CIHAZ] ([CIHAZ_KODU], [CIHAZ_ADI], [CIHAZ_MARKASI], [CIHAZ_MODELI], [SERI_NUMARASI], [BIRIM_KODU], [AKTIFLIK_BILGISI], [EKLEYEN_KULLANICI_KODU], [KAYIT_ZAMANI]) VALUES (N'CHZ-027', N'Cihaz 27', N'Generic', N'GEN-027', N'SN816751', N'BRM-027', N'1', N'KLN-ADMIN', N'2026-01-08 17:54:27');
INSERT INTO [Lbys].[CIHAZ] ([CIHAZ_KODU], [CIHAZ_ADI], [CIHAZ_MARKASI], [CIHAZ_MODELI], [SERI_NUMARASI], [BIRIM_KODU], [AKTIFLIK_BILGISI], [EKLEYEN_KULLANICI_KODU], [KAYIT_ZAMANI]) VALUES (N'CHZ-028', N'Cihaz 28', N'Generic', N'GEN-028', N'SN779514', N'BRM-028', N'1', N'KLN-ADMIN', N'2026-01-08 17:54:27');
INSERT INTO [Lbys].[CIHAZ] ([CIHAZ_KODU], [CIHAZ_ADI], [CIHAZ_MARKASI], [CIHAZ_MODELI], [SERI_NUMARASI], [BIRIM_KODU], [AKTIFLIK_BILGISI], [EKLEYEN_KULLANICI_KODU], [KAYIT_ZAMANI]) VALUES (N'CHZ-029', N'Cihaz 29', N'Generic', N'GEN-029', N'SN174870', N'BRM-029', N'1', N'KLN-ADMIN', N'2026-01-08 17:54:27');
INSERT INTO [Lbys].[CIHAZ] ([CIHAZ_KODU], [CIHAZ_ADI], [CIHAZ_MARKASI], [CIHAZ_MODELI], [SERI_NUMARASI], [BIRIM_KODU], [AKTIFLIK_BILGISI], [EKLEYEN_KULLANICI_KODU], [KAYIT_ZAMANI]) VALUES (N'CHZ-030', N'Cihaz 30', N'Generic', N'GEN-030', N'SN738720', N'BRM-030', N'1', N'KLN-ADMIN', N'2026-01-08 17:54:27');
INSERT INTO [Lbys].[CIHAZ] ([CIHAZ_KODU], [CIHAZ_ADI], [CIHAZ_MARKASI], [CIHAZ_MODELI], [SERI_NUMARASI], [BIRIM_KODU], [AKTIFLIK_BILGISI], [EKLEYEN_KULLANICI_KODU], [KAYIT_ZAMANI]) VALUES (N'CHZ-031', N'Cihaz 31', N'Generic', N'GEN-031', N'SN765822', N'BRM-031', N'1', N'KLN-ADMIN', N'2026-01-08 17:54:27');
INSERT INTO [Lbys].[CIHAZ] ([CIHAZ_KODU], [CIHAZ_ADI], [CIHAZ_MARKASI], [CIHAZ_MODELI], [SERI_NUMARASI], [BIRIM_KODU], [AKTIFLIK_BILGISI], [EKLEYEN_KULLANICI_KODU], [KAYIT_ZAMANI]) VALUES (N'CHZ-032', N'Cihaz 32', N'Generic', N'GEN-032', N'SN279451', N'BRM-032', N'1', N'KLN-ADMIN', N'2026-01-08 17:54:27');
INSERT INTO [Lbys].[CIHAZ] ([CIHAZ_KODU], [CIHAZ_ADI], [CIHAZ_MARKASI], [CIHAZ_MODELI], [SERI_NUMARASI], [BIRIM_KODU], [AKTIFLIK_BILGISI], [EKLEYEN_KULLANICI_KODU], [KAYIT_ZAMANI]) VALUES (N'CHZ-033', N'Cihaz 33', N'Generic', N'GEN-033', N'SN660086', N'BRM-033', N'1', N'KLN-ADMIN', N'2026-01-08 17:54:27');
INSERT INTO [Lbys].[CIHAZ] ([CIHAZ_KODU], [CIHAZ_ADI], [CIHAZ_MARKASI], [CIHAZ_MODELI], [SERI_NUMARASI], [BIRIM_KODU], [AKTIFLIK_BILGISI], [EKLEYEN_KULLANICI_KODU], [KAYIT_ZAMANI]) VALUES (N'CHZ-034', N'Cihaz 34', N'Generic', N'GEN-034', N'SN864544', N'BRM-034', N'1', N'KLN-ADMIN', N'2026-01-08 17:54:27');
INSERT INTO [Lbys].[CIHAZ] ([CIHAZ_KODU], [CIHAZ_ADI], [CIHAZ_MARKASI], [CIHAZ_MODELI], [SERI_NUMARASI], [BIRIM_KODU], [AKTIFLIK_BILGISI], [EKLEYEN_KULLANICI_KODU], [KAYIT_ZAMANI]) VALUES (N'CHZ-035', N'Cihaz 35', N'Generic', N'GEN-035', N'SN356702', N'BRM-035', N'1', N'KLN-ADMIN', N'2026-01-08 17:54:27');
GO

-- DEPO (35 rows)
INSERT INTO [Lbys].[DEPO] ([DEPO_KODU], [DEPO_ADI], [DEPO_TURU], [BINA_KODU], [AKTIFLIK_BILGISI], [EKLEYEN_KULLANICI_KODU], [KAYIT_ZAMANI]) VALUES (N'DEP-001', N'Ana Ecza Deposu', N'DPO-ANA', N'BNA-001', N'1', N'KLN-ADMIN', N'2026-01-08 17:54:27');
INSERT INTO [Lbys].[DEPO] ([DEPO_KODU], [DEPO_ADI], [DEPO_TURU], [BINA_KODU], [AKTIFLIK_BILGISI], [EKLEYEN_KULLANICI_KODU], [KAYIT_ZAMANI]) VALUES (N'DEP-002', N'Laboratuvar Deposu', N'DPO-BRM', N'BNA-002', N'1', N'KLN-ADMIN', N'2026-01-08 17:54:27');
INSERT INTO [Lbys].[DEPO] ([DEPO_KODU], [DEPO_ADI], [DEPO_TURU], [BINA_KODU], [AKTIFLIK_BILGISI], [EKLEYEN_KULLANICI_KODU], [KAYIT_ZAMANI]) VALUES (N'DEP-003', N'Radyoloji Deposu', N'DPO-BRM', N'BNA-003', N'1', N'KLN-ADMIN', N'2026-01-08 17:54:27');
INSERT INTO [Lbys].[DEPO] ([DEPO_KODU], [DEPO_ADI], [DEPO_TURU], [BINA_KODU], [AKTIFLIK_BILGISI], [EKLEYEN_KULLANICI_KODU], [KAYIT_ZAMANI]) VALUES (N'DEP-004', N'Ameliyathane Deposu', N'DPO-BRM', N'BNA-004', N'1', N'KLN-ADMIN', N'2026-01-08 17:54:27');
INSERT INTO [Lbys].[DEPO] ([DEPO_KODU], [DEPO_ADI], [DEPO_TURU], [BINA_KODU], [AKTIFLIK_BILGISI], [EKLEYEN_KULLANICI_KODU], [KAYIT_ZAMANI]) VALUES (N'DEP-005', N'Eczane', N'DPO-ECZ', N'BNA-005', N'1', N'KLN-ADMIN', N'2026-01-08 17:54:27');
INSERT INTO [Lbys].[DEPO] ([DEPO_KODU], [DEPO_ADI], [DEPO_TURU], [BINA_KODU], [AKTIFLIK_BILGISI], [EKLEYEN_KULLANICI_KODU], [KAYIT_ZAMANI]) VALUES (N'DEP-006', N'Depo 6', N'DPO-BRM', N'BNA-006', N'1', N'KLN-ADMIN', N'2026-01-08 17:54:27');
INSERT INTO [Lbys].[DEPO] ([DEPO_KODU], [DEPO_ADI], [DEPO_TURU], [BINA_KODU], [AKTIFLIK_BILGISI], [EKLEYEN_KULLANICI_KODU], [KAYIT_ZAMANI]) VALUES (N'DEP-007', N'Depo 7', N'DPO-BRM', N'BNA-007', N'1', N'KLN-ADMIN', N'2026-01-08 17:54:27');
INSERT INTO [Lbys].[DEPO] ([DEPO_KODU], [DEPO_ADI], [DEPO_TURU], [BINA_KODU], [AKTIFLIK_BILGISI], [EKLEYEN_KULLANICI_KODU], [KAYIT_ZAMANI]) VALUES (N'DEP-008', N'Depo 8', N'DPO-BRM', N'BNA-008', N'1', N'KLN-ADMIN', N'2026-01-08 17:54:27');
INSERT INTO [Lbys].[DEPO] ([DEPO_KODU], [DEPO_ADI], [DEPO_TURU], [BINA_KODU], [AKTIFLIK_BILGISI], [EKLEYEN_KULLANICI_KODU], [KAYIT_ZAMANI]) VALUES (N'DEP-009', N'Depo 9', N'DPO-BRM', N'BNA-009', N'1', N'KLN-ADMIN', N'2026-01-08 17:54:27');
INSERT INTO [Lbys].[DEPO] ([DEPO_KODU], [DEPO_ADI], [DEPO_TURU], [BINA_KODU], [AKTIFLIK_BILGISI], [EKLEYEN_KULLANICI_KODU], [KAYIT_ZAMANI]) VALUES (N'DEP-010', N'Depo 10', N'DPO-BRM', N'BNA-010', N'1', N'KLN-ADMIN', N'2026-01-08 17:54:27');
INSERT INTO [Lbys].[DEPO] ([DEPO_KODU], [DEPO_ADI], [DEPO_TURU], [BINA_KODU], [AKTIFLIK_BILGISI], [EKLEYEN_KULLANICI_KODU], [KAYIT_ZAMANI]) VALUES (N'DEP-011', N'Depo 11', N'DPO-BRM', N'BNA-011', N'1', N'KLN-ADMIN', N'2026-01-08 17:54:27');
INSERT INTO [Lbys].[DEPO] ([DEPO_KODU], [DEPO_ADI], [DEPO_TURU], [BINA_KODU], [AKTIFLIK_BILGISI], [EKLEYEN_KULLANICI_KODU], [KAYIT_ZAMANI]) VALUES (N'DEP-012', N'Depo 12', N'DPO-BRM', N'BNA-012', N'1', N'KLN-ADMIN', N'2026-01-08 17:54:27');
INSERT INTO [Lbys].[DEPO] ([DEPO_KODU], [DEPO_ADI], [DEPO_TURU], [BINA_KODU], [AKTIFLIK_BILGISI], [EKLEYEN_KULLANICI_KODU], [KAYIT_ZAMANI]) VALUES (N'DEP-013', N'Depo 13', N'DPO-BRM', N'BNA-013', N'1', N'KLN-ADMIN', N'2026-01-08 17:54:27');
INSERT INTO [Lbys].[DEPO] ([DEPO_KODU], [DEPO_ADI], [DEPO_TURU], [BINA_KODU], [AKTIFLIK_BILGISI], [EKLEYEN_KULLANICI_KODU], [KAYIT_ZAMANI]) VALUES (N'DEP-014', N'Depo 14', N'DPO-BRM', N'BNA-014', N'1', N'KLN-ADMIN', N'2026-01-08 17:54:27');
INSERT INTO [Lbys].[DEPO] ([DEPO_KODU], [DEPO_ADI], [DEPO_TURU], [BINA_KODU], [AKTIFLIK_BILGISI], [EKLEYEN_KULLANICI_KODU], [KAYIT_ZAMANI]) VALUES (N'DEP-015', N'Depo 15', N'DPO-BRM', N'BNA-015', N'1', N'KLN-ADMIN', N'2026-01-08 17:54:27');
INSERT INTO [Lbys].[DEPO] ([DEPO_KODU], [DEPO_ADI], [DEPO_TURU], [BINA_KODU], [AKTIFLIK_BILGISI], [EKLEYEN_KULLANICI_KODU], [KAYIT_ZAMANI]) VALUES (N'DEP-016', N'Depo 16', N'DPO-BRM', N'BNA-016', N'1', N'KLN-ADMIN', N'2026-01-08 17:54:27');
INSERT INTO [Lbys].[DEPO] ([DEPO_KODU], [DEPO_ADI], [DEPO_TURU], [BINA_KODU], [AKTIFLIK_BILGISI], [EKLEYEN_KULLANICI_KODU], [KAYIT_ZAMANI]) VALUES (N'DEP-017', N'Depo 17', N'DPO-BRM', N'BNA-017', N'1', N'KLN-ADMIN', N'2026-01-08 17:54:27');
INSERT INTO [Lbys].[DEPO] ([DEPO_KODU], [DEPO_ADI], [DEPO_TURU], [BINA_KODU], [AKTIFLIK_BILGISI], [EKLEYEN_KULLANICI_KODU], [KAYIT_ZAMANI]) VALUES (N'DEP-018', N'Depo 18', N'DPO-BRM', N'BNA-018', N'1', N'KLN-ADMIN', N'2026-01-08 17:54:27');
INSERT INTO [Lbys].[DEPO] ([DEPO_KODU], [DEPO_ADI], [DEPO_TURU], [BINA_KODU], [AKTIFLIK_BILGISI], [EKLEYEN_KULLANICI_KODU], [KAYIT_ZAMANI]) VALUES (N'DEP-019', N'Depo 19', N'DPO-BRM', N'BNA-019', N'1', N'KLN-ADMIN', N'2026-01-08 17:54:27');
INSERT INTO [Lbys].[DEPO] ([DEPO_KODU], [DEPO_ADI], [DEPO_TURU], [BINA_KODU], [AKTIFLIK_BILGISI], [EKLEYEN_KULLANICI_KODU], [KAYIT_ZAMANI]) VALUES (N'DEP-020', N'Depo 20', N'DPO-BRM', N'BNA-020', N'1', N'KLN-ADMIN', N'2026-01-08 17:54:27');
INSERT INTO [Lbys].[DEPO] ([DEPO_KODU], [DEPO_ADI], [DEPO_TURU], [BINA_KODU], [AKTIFLIK_BILGISI], [EKLEYEN_KULLANICI_KODU], [KAYIT_ZAMANI]) VALUES (N'DEP-021', N'Depo 21', N'DPO-BRM', N'BNA-021', N'1', N'KLN-ADMIN', N'2026-01-08 17:54:27');
INSERT INTO [Lbys].[DEPO] ([DEPO_KODU], [DEPO_ADI], [DEPO_TURU], [BINA_KODU], [AKTIFLIK_BILGISI], [EKLEYEN_KULLANICI_KODU], [KAYIT_ZAMANI]) VALUES (N'DEP-022', N'Depo 22', N'DPO-BRM', N'BNA-022', N'1', N'KLN-ADMIN', N'2026-01-08 17:54:27');
INSERT INTO [Lbys].[DEPO] ([DEPO_KODU], [DEPO_ADI], [DEPO_TURU], [BINA_KODU], [AKTIFLIK_BILGISI], [EKLEYEN_KULLANICI_KODU], [KAYIT_ZAMANI]) VALUES (N'DEP-023', N'Depo 23', N'DPO-BRM', N'BNA-023', N'1', N'KLN-ADMIN', N'2026-01-08 17:54:27');
INSERT INTO [Lbys].[DEPO] ([DEPO_KODU], [DEPO_ADI], [DEPO_TURU], [BINA_KODU], [AKTIFLIK_BILGISI], [EKLEYEN_KULLANICI_KODU], [KAYIT_ZAMANI]) VALUES (N'DEP-024', N'Depo 24', N'DPO-BRM', N'BNA-024', N'1', N'KLN-ADMIN', N'2026-01-08 17:54:27');
INSERT INTO [Lbys].[DEPO] ([DEPO_KODU], [DEPO_ADI], [DEPO_TURU], [BINA_KODU], [AKTIFLIK_BILGISI], [EKLEYEN_KULLANICI_KODU], [KAYIT_ZAMANI]) VALUES (N'DEP-025', N'Depo 25', N'DPO-BRM', N'BNA-025', N'1', N'KLN-ADMIN', N'2026-01-08 17:54:27');
INSERT INTO [Lbys].[DEPO] ([DEPO_KODU], [DEPO_ADI], [DEPO_TURU], [BINA_KODU], [AKTIFLIK_BILGISI], [EKLEYEN_KULLANICI_KODU], [KAYIT_ZAMANI]) VALUES (N'DEP-026', N'Depo 26', N'DPO-BRM', N'BNA-026', N'1', N'KLN-ADMIN', N'2026-01-08 17:54:27');
INSERT INTO [Lbys].[DEPO] ([DEPO_KODU], [DEPO_ADI], [DEPO_TURU], [BINA_KODU], [AKTIFLIK_BILGISI], [EKLEYEN_KULLANICI_KODU], [KAYIT_ZAMANI]) VALUES (N'DEP-027', N'Depo 27', N'DPO-BRM', N'BNA-027', N'1', N'KLN-ADMIN', N'2026-01-08 17:54:27');
INSERT INTO [Lbys].[DEPO] ([DEPO_KODU], [DEPO_ADI], [DEPO_TURU], [BINA_KODU], [AKTIFLIK_BILGISI], [EKLEYEN_KULLANICI_KODU], [KAYIT_ZAMANI]) VALUES (N'DEP-028', N'Depo 28', N'DPO-BRM', N'BNA-028', N'1', N'KLN-ADMIN', N'2026-01-08 17:54:27');
INSERT INTO [Lbys].[DEPO] ([DEPO_KODU], [DEPO_ADI], [DEPO_TURU], [BINA_KODU], [AKTIFLIK_BILGISI], [EKLEYEN_KULLANICI_KODU], [KAYIT_ZAMANI]) VALUES (N'DEP-029', N'Depo 29', N'DPO-BRM', N'BNA-029', N'1', N'KLN-ADMIN', N'2026-01-08 17:54:27');
INSERT INTO [Lbys].[DEPO] ([DEPO_KODU], [DEPO_ADI], [DEPO_TURU], [BINA_KODU], [AKTIFLIK_BILGISI], [EKLEYEN_KULLANICI_KODU], [KAYIT_ZAMANI]) VALUES (N'DEP-030', N'Depo 30', N'DPO-BRM', N'BNA-030', N'1', N'KLN-ADMIN', N'2026-01-08 17:54:27');
INSERT INTO [Lbys].[DEPO] ([DEPO_KODU], [DEPO_ADI], [DEPO_TURU], [BINA_KODU], [AKTIFLIK_BILGISI], [EKLEYEN_KULLANICI_KODU], [KAYIT_ZAMANI]) VALUES (N'DEP-031', N'Depo 31', N'DPO-BRM', N'BNA-031', N'1', N'KLN-ADMIN', N'2026-01-08 17:54:27');
INSERT INTO [Lbys].[DEPO] ([DEPO_KODU], [DEPO_ADI], [DEPO_TURU], [BINA_KODU], [AKTIFLIK_BILGISI], [EKLEYEN_KULLANICI_KODU], [KAYIT_ZAMANI]) VALUES (N'DEP-032', N'Depo 32', N'DPO-BRM', N'BNA-032', N'1', N'KLN-ADMIN', N'2026-01-08 17:54:27');
INSERT INTO [Lbys].[DEPO] ([DEPO_KODU], [DEPO_ADI], [DEPO_TURU], [BINA_KODU], [AKTIFLIK_BILGISI], [EKLEYEN_KULLANICI_KODU], [KAYIT_ZAMANI]) VALUES (N'DEP-033', N'Depo 33', N'DPO-BRM', N'BNA-033', N'1', N'KLN-ADMIN', N'2026-01-08 17:54:27');
INSERT INTO [Lbys].[DEPO] ([DEPO_KODU], [DEPO_ADI], [DEPO_TURU], [BINA_KODU], [AKTIFLIK_BILGISI], [EKLEYEN_KULLANICI_KODU], [KAYIT_ZAMANI]) VALUES (N'DEP-034', N'Depo 34', N'DPO-BRM', N'BNA-034', N'1', N'KLN-ADMIN', N'2026-01-08 17:54:27');
INSERT INTO [Lbys].[DEPO] ([DEPO_KODU], [DEPO_ADI], [DEPO_TURU], [BINA_KODU], [AKTIFLIK_BILGISI], [EKLEYEN_KULLANICI_KODU], [KAYIT_ZAMANI]) VALUES (N'DEP-035', N'Depo 35', N'DPO-BRM', N'BNA-035', N'1', N'KLN-ADMIN', N'2026-01-08 17:54:27');
GO

-- STOK_KART (35 rows)
INSERT INTO [Lbys].[STOK_KART] ([STOK_KART_KODU], [MALZEME_ADI], [BARKOD], [AKTIF], [EKLEYEN_KULLANICI_KODU], [KAYIT_ZAMANI]) VALUES (N'STK-001', N'Parasetamol 500mg', N'8695996775663', 1, N'KLN-ADMIN', N'2026-01-08 17:54:27');
INSERT INTO [Lbys].[STOK_KART] ([STOK_KART_KODU], [MALZEME_ADI], [BARKOD], [AKTIF], [EKLEYEN_KULLANICI_KODU], [KAYIT_ZAMANI]) VALUES (N'STK-002', N'Ibuprofen 400mg', N'8696924716023', 1, N'KLN-ADMIN', N'2026-01-08 17:54:27');
INSERT INTO [Lbys].[STOK_KART] ([STOK_KART_KODU], [MALZEME_ADI], [BARKOD], [AKTIF], [EKLEYEN_KULLANICI_KODU], [KAYIT_ZAMANI]) VALUES (N'STK-003', N'Amoksisilin 500mg', N'8693392080953', 1, N'KLN-ADMIN', N'2026-01-08 17:54:27');
INSERT INTO [Lbys].[STOK_KART] ([STOK_KART_KODU], [MALZEME_ADI], [BARKOD], [AKTIF], [EKLEYEN_KULLANICI_KODU], [KAYIT_ZAMANI]) VALUES (N'STK-004', N'Metformin 850mg', N'8698235363119', 1, N'KLN-ADMIN', N'2026-01-08 17:54:27');
INSERT INTO [Lbys].[STOK_KART] ([STOK_KART_KODU], [MALZEME_ADI], [BARKOD], [AKTIF], [EKLEYEN_KULLANICI_KODU], [KAYIT_ZAMANI]) VALUES (N'STK-005', N'Omeprazol 20mg', N'8694332894265', 1, N'KLN-ADMIN', N'2026-01-08 17:54:27');
INSERT INTO [Lbys].[STOK_KART] ([STOK_KART_KODU], [MALZEME_ADI], [BARKOD], [AKTIF], [EKLEYEN_KULLANICI_KODU], [KAYIT_ZAMANI]) VALUES (N'STK-006', N'Aspirin 100mg', N'8696649827836', 1, N'KLN-ADMIN', N'2026-01-08 17:54:27');
INSERT INTO [Lbys].[STOK_KART] ([STOK_KART_KODU], [MALZEME_ADI], [BARKOD], [AKTIF], [EKLEYEN_KULLANICI_KODU], [KAYIT_ZAMANI]) VALUES (N'STK-007', N'Serum Fizyolojik', N'8692149938334', 1, N'KLN-ADMIN', N'2026-01-08 17:54:27');
INSERT INTO [Lbys].[STOK_KART] ([STOK_KART_KODU], [MALZEME_ADI], [BARKOD], [AKTIF], [EKLEYEN_KULLANICI_KODU], [KAYIT_ZAMANI]) VALUES (N'STK-008', N'Enjektor 5ml', N'8692351531223', 1, N'KLN-ADMIN', N'2026-01-08 17:54:27');
INSERT INTO [Lbys].[STOK_KART] ([STOK_KART_KODU], [MALZEME_ADI], [BARKOD], [AKTIF], [EKLEYEN_KULLANICI_KODU], [KAYIT_ZAMANI]) VALUES (N'STK-009', N'Eldiven M', N'8698110054933', 1, N'KLN-ADMIN', N'2026-01-08 17:54:27');
INSERT INTO [Lbys].[STOK_KART] ([STOK_KART_KODU], [MALZEME_ADI], [BARKOD], [AKTIF], [EKLEYEN_KULLANICI_KODU], [KAYIT_ZAMANI]) VALUES (N'STK-010', N'Gazli Bez', N'8692970753705', 1, N'KLN-ADMIN', N'2026-01-08 17:54:27');
INSERT INTO [Lbys].[STOK_KART] ([STOK_KART_KODU], [MALZEME_ADI], [BARKOD], [AKTIF], [EKLEYEN_KULLANICI_KODU], [KAYIT_ZAMANI]) VALUES (N'STK-011', N'Flaster', N'8692137651678', 1, N'KLN-ADMIN', N'2026-01-08 17:54:27');
INSERT INTO [Lbys].[STOK_KART] ([STOK_KART_KODU], [MALZEME_ADI], [BARKOD], [AKTIF], [EKLEYEN_KULLANICI_KODU], [KAYIT_ZAMANI]) VALUES (N'STK-012', N'Igne', N'8697805745017', 1, N'KLN-ADMIN', N'2026-01-08 17:54:27');
INSERT INTO [Lbys].[STOK_KART] ([STOK_KART_KODU], [MALZEME_ADI], [BARKOD], [AKTIF], [EKLEYEN_KULLANICI_KODU], [KAYIT_ZAMANI]) VALUES (N'STK-013', N'Urun 13', N'8697010379415', 1, N'KLN-ADMIN', N'2026-01-08 17:54:27');
INSERT INTO [Lbys].[STOK_KART] ([STOK_KART_KODU], [MALZEME_ADI], [BARKOD], [AKTIF], [EKLEYEN_KULLANICI_KODU], [KAYIT_ZAMANI]) VALUES (N'STK-014', N'Urun 14', N'8695284391408', 1, N'KLN-ADMIN', N'2026-01-08 17:54:27');
INSERT INTO [Lbys].[STOK_KART] ([STOK_KART_KODU], [MALZEME_ADI], [BARKOD], [AKTIF], [EKLEYEN_KULLANICI_KODU], [KAYIT_ZAMANI]) VALUES (N'STK-015', N'Urun 15', N'8697483366056', 1, N'KLN-ADMIN', N'2026-01-08 17:54:27');
INSERT INTO [Lbys].[STOK_KART] ([STOK_KART_KODU], [MALZEME_ADI], [BARKOD], [AKTIF], [EKLEYEN_KULLANICI_KODU], [KAYIT_ZAMANI]) VALUES (N'STK-016', N'Urun 16', N'8691470939445', 1, N'KLN-ADMIN', N'2026-01-08 17:54:27');
INSERT INTO [Lbys].[STOK_KART] ([STOK_KART_KODU], [MALZEME_ADI], [BARKOD], [AKTIF], [EKLEYEN_KULLANICI_KODU], [KAYIT_ZAMANI]) VALUES (N'STK-017', N'Urun 17', N'8693694860228', 1, N'KLN-ADMIN', N'2026-01-08 17:54:27');
INSERT INTO [Lbys].[STOK_KART] ([STOK_KART_KODU], [MALZEME_ADI], [BARKOD], [AKTIF], [EKLEYEN_KULLANICI_KODU], [KAYIT_ZAMANI]) VALUES (N'STK-018', N'Urun 18', N'8695567816720', 1, N'KLN-ADMIN', N'2026-01-08 17:54:27');
INSERT INTO [Lbys].[STOK_KART] ([STOK_KART_KODU], [MALZEME_ADI], [BARKOD], [AKTIF], [EKLEYEN_KULLANICI_KODU], [KAYIT_ZAMANI]) VALUES (N'STK-019', N'Urun 19', N'8699573276057', 1, N'KLN-ADMIN', N'2026-01-08 17:54:27');
INSERT INTO [Lbys].[STOK_KART] ([STOK_KART_KODU], [MALZEME_ADI], [BARKOD], [AKTIF], [EKLEYEN_KULLANICI_KODU], [KAYIT_ZAMANI]) VALUES (N'STK-020', N'Urun 20', N'8697567496105', 1, N'KLN-ADMIN', N'2026-01-08 17:54:27');
INSERT INTO [Lbys].[STOK_KART] ([STOK_KART_KODU], [MALZEME_ADI], [BARKOD], [AKTIF], [EKLEYEN_KULLANICI_KODU], [KAYIT_ZAMANI]) VALUES (N'STK-021', N'Urun 21', N'8699639245200', 1, N'KLN-ADMIN', N'2026-01-08 17:54:27');
INSERT INTO [Lbys].[STOK_KART] ([STOK_KART_KODU], [MALZEME_ADI], [BARKOD], [AKTIF], [EKLEYEN_KULLANICI_KODU], [KAYIT_ZAMANI]) VALUES (N'STK-022', N'Urun 22', N'8694095476665', 1, N'KLN-ADMIN', N'2026-01-08 17:54:27');
INSERT INTO [Lbys].[STOK_KART] ([STOK_KART_KODU], [MALZEME_ADI], [BARKOD], [AKTIF], [EKLEYEN_KULLANICI_KODU], [KAYIT_ZAMANI]) VALUES (N'STK-023', N'Urun 23', N'8698047877267', 1, N'KLN-ADMIN', N'2026-01-08 17:54:27');
INSERT INTO [Lbys].[STOK_KART] ([STOK_KART_KODU], [MALZEME_ADI], [BARKOD], [AKTIF], [EKLEYEN_KULLANICI_KODU], [KAYIT_ZAMANI]) VALUES (N'STK-024', N'Urun 24', N'8695774080233', 1, N'KLN-ADMIN', N'2026-01-08 17:54:27');
INSERT INTO [Lbys].[STOK_KART] ([STOK_KART_KODU], [MALZEME_ADI], [BARKOD], [AKTIF], [EKLEYEN_KULLANICI_KODU], [KAYIT_ZAMANI]) VALUES (N'STK-025', N'Urun 25', N'8692867302554', 1, N'KLN-ADMIN', N'2026-01-08 17:54:27');
INSERT INTO [Lbys].[STOK_KART] ([STOK_KART_KODU], [MALZEME_ADI], [BARKOD], [AKTIF], [EKLEYEN_KULLANICI_KODU], [KAYIT_ZAMANI]) VALUES (N'STK-026', N'Urun 26', N'8692948728483', 1, N'KLN-ADMIN', N'2026-01-08 17:54:27');
INSERT INTO [Lbys].[STOK_KART] ([STOK_KART_KODU], [MALZEME_ADI], [BARKOD], [AKTIF], [EKLEYEN_KULLANICI_KODU], [KAYIT_ZAMANI]) VALUES (N'STK-027', N'Urun 27', N'8694919706735', 1, N'KLN-ADMIN', N'2026-01-08 17:54:27');
INSERT INTO [Lbys].[STOK_KART] ([STOK_KART_KODU], [MALZEME_ADI], [BARKOD], [AKTIF], [EKLEYEN_KULLANICI_KODU], [KAYIT_ZAMANI]) VALUES (N'STK-028', N'Urun 28', N'8693615507143', 1, N'KLN-ADMIN', N'2026-01-08 17:54:27');
INSERT INTO [Lbys].[STOK_KART] ([STOK_KART_KODU], [MALZEME_ADI], [BARKOD], [AKTIF], [EKLEYEN_KULLANICI_KODU], [KAYIT_ZAMANI]) VALUES (N'STK-029', N'Urun 29', N'8695951406973', 1, N'KLN-ADMIN', N'2026-01-08 17:54:27');
INSERT INTO [Lbys].[STOK_KART] ([STOK_KART_KODU], [MALZEME_ADI], [BARKOD], [AKTIF], [EKLEYEN_KULLANICI_KODU], [KAYIT_ZAMANI]) VALUES (N'STK-030', N'Urun 30', N'8694274958945', 1, N'KLN-ADMIN', N'2026-01-08 17:54:27');
INSERT INTO [Lbys].[STOK_KART] ([STOK_KART_KODU], [MALZEME_ADI], [BARKOD], [AKTIF], [EKLEYEN_KULLANICI_KODU], [KAYIT_ZAMANI]) VALUES (N'STK-031', N'Urun 31', N'8699592390865', 1, N'KLN-ADMIN', N'2026-01-08 17:54:27');
INSERT INTO [Lbys].[STOK_KART] ([STOK_KART_KODU], [MALZEME_ADI], [BARKOD], [AKTIF], [EKLEYEN_KULLANICI_KODU], [KAYIT_ZAMANI]) VALUES (N'STK-032', N'Urun 32', N'8696687206971', 1, N'KLN-ADMIN', N'2026-01-08 17:54:27');
INSERT INTO [Lbys].[STOK_KART] ([STOK_KART_KODU], [MALZEME_ADI], [BARKOD], [AKTIF], [EKLEYEN_KULLANICI_KODU], [KAYIT_ZAMANI]) VALUES (N'STK-033', N'Urun 33', N'8691083651970', 1, N'KLN-ADMIN', N'2026-01-08 17:54:27');
INSERT INTO [Lbys].[STOK_KART] ([STOK_KART_KODU], [MALZEME_ADI], [BARKOD], [AKTIF], [EKLEYEN_KULLANICI_KODU], [KAYIT_ZAMANI]) VALUES (N'STK-034', N'Urun 34', N'8699285415473', 1, N'KLN-ADMIN', N'2026-01-08 17:54:27');
INSERT INTO [Lbys].[STOK_KART] ([STOK_KART_KODU], [MALZEME_ADI], [BARKOD], [AKTIF], [EKLEYEN_KULLANICI_KODU], [KAYIT_ZAMANI]) VALUES (N'STK-035', N'Urun 35', N'8692320763135', 1, N'KLN-ADMIN', N'2026-01-08 17:54:27');
GO

-- FIRMA (35 rows)
INSERT INTO [Lbys].[FIRMA] ([FIRMA_KODU], [FIRMA_ADI], [TELEFON_NUMARASI], [YETKILI_KISI], [FIRMA_ADRESI], [AKTIFLIK_BILGISI], [VERGI_DAIRESI], [VERGI_NUMARASI], [EPOSTA_ADRESI], [IBAN_NUMARASI], [EKLEYEN_KULLANICI_KODU], [KAYIT_ZAMANI]) VALUES (N'FRM-001', N'Medikal Tedarik AS', N'05315041154', N'Ozge Demir', N'Ankara', N'1', N'Gaziantep VD', N'4504793184', N'info1@firma1.com', N'TR78306033238134459824', N'KLN-ADMIN', N'2026-01-08 17:54:27');
INSERT INTO [Lbys].[FIRMA] ([FIRMA_KODU], [FIRMA_ADI], [TELEFON_NUMARASI], [YETKILI_KISI], [FIRMA_ADRESI], [AKTIFLIK_BILGISI], [VERGI_DAIRESI], [VERGI_NUMARASI], [EPOSTA_ADRESI], [IBAN_NUMARASI], [EKLEYEN_KULLANICI_KODU], [KAYIT_ZAMANI]) VALUES (N'FRM-002', N'Saglik Malzemeleri Ltd', N'05389852897', N'Asli Aslan', N'Bursa', N'1', N'Mersin VD', N'3962958940', N'info2@firma2.com', N'TR49753762556011038862', N'KLN-ADMIN', N'2026-01-08 17:54:27');
INSERT INTO [Lbys].[FIRMA] ([FIRMA_KODU], [FIRMA_ADI], [TELEFON_NUMARASI], [YETKILI_KISI], [FIRMA_ADRESI], [AKTIFLIK_BILGISI], [VERGI_DAIRESI], [VERGI_NUMARASI], [EPOSTA_ADRESI], [IBAN_NUMARASI], [EKLEYEN_KULLANICI_KODU], [KAYIT_ZAMANI]) VALUES (N'FRM-003', N'Laboratuvar Sistemleri AS', N'05449683481', N'Busra Celik', N'Bursa', N'1', N'Bursa VD', N'5569956444', N'info3@firma3.com', N'TR12477040995011338994', N'KLN-ADMIN', N'2026-01-08 17:54:27');
INSERT INTO [Lbys].[FIRMA] ([FIRMA_KODU], [FIRMA_ADI], [TELEFON_NUMARASI], [YETKILI_KISI], [FIRMA_ADRESI], [AKTIFLIK_BILGISI], [VERGI_DAIRESI], [VERGI_NUMARASI], [EPOSTA_ADRESI], [IBAN_NUMARASI], [EKLEYEN_KULLANICI_KODU], [KAYIT_ZAMANI]) VALUES (N'FRM-004', N'Tibbi Cihaz Tic AS', N'05302191066', N'Ali Ozturk', N'Ankara', N'1', N'Istanbul VD', N'8987073217', N'info4@firma4.com', N'TR19942349192598798125', N'KLN-ADMIN', N'2026-01-08 17:54:27');
INSERT INTO [Lbys].[FIRMA] ([FIRMA_KODU], [FIRMA_ADI], [TELEFON_NUMARASI], [YETKILI_KISI], [FIRMA_ADRESI], [AKTIFLIK_BILGISI], [VERGI_DAIRESI], [VERGI_NUMARASI], [EPOSTA_ADRESI], [IBAN_NUMARASI], [EKLEYEN_KULLANICI_KODU], [KAYIT_ZAMANI]) VALUES (N'FRM-005', N'Ecza Deposu Ltd', N'05519143903', N'Yusuf Ozkan', N'Izmir', N'1', N'Diyarbakir VD', N'7769777475', N'info5@firma5.com', N'TR41874967289741967261', N'KLN-ADMIN', N'2026-01-08 17:54:27');
INSERT INTO [Lbys].[FIRMA] ([FIRMA_KODU], [FIRMA_ADI], [TELEFON_NUMARASI], [YETKILI_KISI], [FIRMA_ADRESI], [AKTIFLIK_BILGISI], [VERGI_DAIRESI], [VERGI_NUMARASI], [EPOSTA_ADRESI], [IBAN_NUMARASI], [EKLEYEN_KULLANICI_KODU], [KAYIT_ZAMANI]) VALUES (N'FRM-006', N'Goruntuleme Teknolojileri', N'05362582524', N'Ibrahim Aslan', N'Adana', N'1', N'Konya VD', N'7060638140', N'info6@firma6.com', N'TR16261266663763865583', N'KLN-ADMIN', N'2026-01-08 17:54:27');
INSERT INTO [Lbys].[FIRMA] ([FIRMA_KODU], [FIRMA_ADI], [TELEFON_NUMARASI], [YETKILI_KISI], [FIRMA_ADRESI], [AKTIFLIK_BILGISI], [VERGI_DAIRESI], [VERGI_NUMARASI], [EPOSTA_ADRESI], [IBAN_NUMARASI], [EKLEYEN_KULLANICI_KODU], [KAYIT_ZAMANI]) VALUES (N'FRM-007', N'Cerrahi Aletler Ltd', N'05536692553', N'Ibrahim Ozturk', N'Bursa', N'1', N'Bursa VD', N'7598297060', N'info7@firma7.com', N'TR27791249200954585718', N'KLN-ADMIN', N'2026-01-08 17:54:27');
INSERT INTO [Lbys].[FIRMA] ([FIRMA_KODU], [FIRMA_ADI], [TELEFON_NUMARASI], [YETKILI_KISI], [FIRMA_ADRESI], [AKTIFLIK_BILGISI], [VERGI_DAIRESI], [VERGI_NUMARASI], [EPOSTA_ADRESI], [IBAN_NUMARASI], [EKLEYEN_KULLANICI_KODU], [KAYIT_ZAMANI]) VALUES (N'FRM-008', N'Protez Malzemeleri AS', N'05445191056', N'Huseyin Cetin', N'Mersin', N'1', N'Ankara VD', N'9807209816', N'info8@firma8.com', N'TR79124123129581863811', N'KLN-ADMIN', N'2026-01-08 17:54:27');
INSERT INTO [Lbys].[FIRMA] ([FIRMA_KODU], [FIRMA_ADI], [TELEFON_NUMARASI], [YETKILI_KISI], [FIRMA_ADRESI], [AKTIFLIK_BILGISI], [VERGI_DAIRESI], [VERGI_NUMARASI], [EPOSTA_ADRESI], [IBAN_NUMARASI], [EKLEYEN_KULLANICI_KODU], [KAYIT_ZAMANI]) VALUES (N'FRM-009', N'Biyomedikal Cozumler', N'05594965789', N'Fatih Aslan', N'Gaziantep', N'1', N'Gaziantep VD', N'1251837136', N'info9@firma9.com', N'TR58103564949748486984', N'KLN-ADMIN', N'2026-01-08 17:54:27');
INSERT INTO [Lbys].[FIRMA] ([FIRMA_KODU], [FIRMA_ADI], [TELEFON_NUMARASI], [YETKILI_KISI], [FIRMA_ADRESI], [AKTIFLIK_BILGISI], [VERGI_DAIRESI], [VERGI_NUMARASI], [EPOSTA_ADRESI], [IBAN_NUMARASI], [EKLEYEN_KULLANICI_KODU], [KAYIT_ZAMANI]) VALUES (N'FRM-010', N'Firma 10', N'05388633773', N'Onur Aslan', N'Mersin', N'1', N'Gaziantep VD', N'1664847319', N'info10@firma10.com', N'TR47456618233317914182', N'KLN-ADMIN', N'2026-01-08 17:54:27');
INSERT INTO [Lbys].[FIRMA] ([FIRMA_KODU], [FIRMA_ADI], [TELEFON_NUMARASI], [YETKILI_KISI], [FIRMA_ADRESI], [AKTIFLIK_BILGISI], [VERGI_DAIRESI], [VERGI_NUMARASI], [EPOSTA_ADRESI], [IBAN_NUMARASI], [EKLEYEN_KULLANICI_KODU], [KAYIT_ZAMANI]) VALUES (N'FRM-011', N'Firma 11', N'05482022698', N'Fatma Kaya', N'Istanbul', N'1', N'Diyarbakir VD', N'3281169403', N'info11@firma11.com', N'TR17932019642999691670', N'KLN-ADMIN', N'2026-01-08 17:54:27');
INSERT INTO [Lbys].[FIRMA] ([FIRMA_KODU], [FIRMA_ADI], [TELEFON_NUMARASI], [YETKILI_KISI], [FIRMA_ADRESI], [AKTIFLIK_BILGISI], [VERGI_DAIRESI], [VERGI_NUMARASI], [EPOSTA_ADRESI], [IBAN_NUMARASI], [EKLEYEN_KULLANICI_KODU], [KAYIT_ZAMANI]) VALUES (N'FRM-012', N'Firma 12', N'05492140194', N'Cem Kilic', N'Ankara', N'1', N'Diyarbakir VD', N'3553440342', N'info12@firma12.com', N'TR89234389549596142604', N'KLN-ADMIN', N'2026-01-08 17:54:27');
INSERT INTO [Lbys].[FIRMA] ([FIRMA_KODU], [FIRMA_ADI], [TELEFON_NUMARASI], [YETKILI_KISI], [FIRMA_ADRESI], [AKTIFLIK_BILGISI], [VERGI_DAIRESI], [VERGI_NUMARASI], [EPOSTA_ADRESI], [IBAN_NUMARASI], [EKLEYEN_KULLANICI_KODU], [KAYIT_ZAMANI]) VALUES (N'FRM-013', N'Firma 13', N'05466307805', N'Tolga Yildirim', N'Adana', N'1', N'Bursa VD', N'6435772945', N'info13@firma13.com', N'TR26591554497824951157', N'KLN-ADMIN', N'2026-01-08 17:54:27');
INSERT INTO [Lbys].[FIRMA] ([FIRMA_KODU], [FIRMA_ADI], [TELEFON_NUMARASI], [YETKILI_KISI], [FIRMA_ADRESI], [AKTIFLIK_BILGISI], [VERGI_DAIRESI], [VERGI_NUMARASI], [EPOSTA_ADRESI], [IBAN_NUMARASI], [EKLEYEN_KULLANICI_KODU], [KAYIT_ZAMANI]) VALUES (N'FRM-014', N'Firma 14', N'05592217071', N'Ahmet Cetin', N'Diyarbakir', N'1', N'Diyarbakir VD', N'5278201677', N'info14@firma14.com', N'TR19980881194293389291', N'KLN-ADMIN', N'2026-01-08 17:54:27');
INSERT INTO [Lbys].[FIRMA] ([FIRMA_KODU], [FIRMA_ADI], [TELEFON_NUMARASI], [YETKILI_KISI], [FIRMA_ADRESI], [AKTIFLIK_BILGISI], [VERGI_DAIRESI], [VERGI_NUMARASI], [EPOSTA_ADRESI], [IBAN_NUMARASI], [EKLEYEN_KULLANICI_KODU], [KAYIT_ZAMANI]) VALUES (N'FRM-015', N'Firma 15', N'05383222252', N'Emine Demir', N'Bursa', N'1', N'Adana VD', N'2224011538', N'info15@firma15.com', N'TR66990052574737518915', N'KLN-ADMIN', N'2026-01-08 17:54:27');
INSERT INTO [Lbys].[FIRMA] ([FIRMA_KODU], [FIRMA_ADI], [TELEFON_NUMARASI], [YETKILI_KISI], [FIRMA_ADRESI], [AKTIFLIK_BILGISI], [VERGI_DAIRESI], [VERGI_NUMARASI], [EPOSTA_ADRESI], [IBAN_NUMARASI], [EKLEYEN_KULLANICI_KODU], [KAYIT_ZAMANI]) VALUES (N'FRM-016', N'Firma 16', N'05499874152', N'Ahmet Ozkan', N'Antalya', N'1', N'Ankara VD', N'5871743247', N'info16@firma16.com', N'TR24275387862355797275', N'KLN-ADMIN', N'2026-01-08 17:54:27');
INSERT INTO [Lbys].[FIRMA] ([FIRMA_KODU], [FIRMA_ADI], [TELEFON_NUMARASI], [YETKILI_KISI], [FIRMA_ADRESI], [AKTIFLIK_BILGISI], [VERGI_DAIRESI], [VERGI_NUMARASI], [EPOSTA_ADRESI], [IBAN_NUMARASI], [EKLEYEN_KULLANICI_KODU], [KAYIT_ZAMANI]) VALUES (N'FRM-017', N'Firma 17', N'05345569244', N'Onur Polat', N'Bursa', N'1', N'Adana VD', N'7393195616', N'info17@firma17.com', N'TR16251269612575332131', N'KLN-ADMIN', N'2026-01-08 17:54:27');
INSERT INTO [Lbys].[FIRMA] ([FIRMA_KODU], [FIRMA_ADI], [TELEFON_NUMARASI], [YETKILI_KISI], [FIRMA_ADRESI], [AKTIFLIK_BILGISI], [VERGI_DAIRESI], [VERGI_NUMARASI], [EPOSTA_ADRESI], [IBAN_NUMARASI], [EKLEYEN_KULLANICI_KODU], [KAYIT_ZAMANI]) VALUES (N'FRM-018', N'Firma 18', N'05565641923', N'Mustafa Yilmaz', N'Adana', N'1', N'Izmir VD', N'2125089309', N'info18@firma18.com', N'TR66800711359618742192', N'KLN-ADMIN', N'2026-01-08 17:54:27');
INSERT INTO [Lbys].[FIRMA] ([FIRMA_KODU], [FIRMA_ADI], [TELEFON_NUMARASI], [YETKILI_KISI], [FIRMA_ADRESI], [AKTIFLIK_BILGISI], [VERGI_DAIRESI], [VERGI_NUMARASI], [EPOSTA_ADRESI], [IBAN_NUMARASI], [EKLEYEN_KULLANICI_KODU], [KAYIT_ZAMANI]) VALUES (N'FRM-019', N'Firma 19', N'05332262382', N'Omer Ozkan', N'Istanbul', N'1', N'Adana VD', N'5931025271', N'info19@firma19.com', N'TR26168561317593212135', N'KLN-ADMIN', N'2026-01-08 17:54:27');
INSERT INTO [Lbys].[FIRMA] ([FIRMA_KODU], [FIRMA_ADI], [TELEFON_NUMARASI], [YETKILI_KISI], [FIRMA_ADRESI], [AKTIFLIK_BILGISI], [VERGI_DAIRESI], [VERGI_NUMARASI], [EPOSTA_ADRESI], [IBAN_NUMARASI], [EKLEYEN_KULLANICI_KODU], [KAYIT_ZAMANI]) VALUES (N'FRM-020', N'Firma 20', N'05581669324', N'Emine Yildirim', N'Bursa', N'1', N'Ankara VD', N'9051829827', N'info20@firma20.com', N'TR89353213489284235375', N'KLN-ADMIN', N'2026-01-08 17:54:27');
INSERT INTO [Lbys].[FIRMA] ([FIRMA_KODU], [FIRMA_ADI], [TELEFON_NUMARASI], [YETKILI_KISI], [FIRMA_ADRESI], [AKTIFLIK_BILGISI], [VERGI_DAIRESI], [VERGI_NUMARASI], [EPOSTA_ADRESI], [IBAN_NUMARASI], [EKLEYEN_KULLANICI_KODU], [KAYIT_ZAMANI]) VALUES (N'FRM-021', N'Firma 21', N'05356573147', N'Zehra Ozturk', N'Antalya', N'1', N'Izmir VD', N'5759234471', N'info21@firma21.com', N'TR14871138085746494081', N'KLN-ADMIN', N'2026-01-08 17:54:27');
INSERT INTO [Lbys].[FIRMA] ([FIRMA_KODU], [FIRMA_ADI], [TELEFON_NUMARASI], [YETKILI_KISI], [FIRMA_ADRESI], [AKTIFLIK_BILGISI], [VERGI_DAIRESI], [VERGI_NUMARASI], [EPOSTA_ADRESI], [IBAN_NUMARASI], [EKLEYEN_KULLANICI_KODU], [KAYIT_ZAMANI]) VALUES (N'FRM-022', N'Firma 22', N'05568722606', N'Emine Ozdemir', N'Bursa', N'1', N'Bursa VD', N'9691572571', N'info22@firma22.com', N'TR34752849210166319532', N'KLN-ADMIN', N'2026-01-08 17:54:27');
INSERT INTO [Lbys].[FIRMA] ([FIRMA_KODU], [FIRMA_ADI], [TELEFON_NUMARASI], [YETKILI_KISI], [FIRMA_ADRESI], [AKTIFLIK_BILGISI], [VERGI_DAIRESI], [VERGI_NUMARASI], [EPOSTA_ADRESI], [IBAN_NUMARASI], [EKLEYEN_KULLANICI_KODU], [KAYIT_ZAMANI]) VALUES (N'FRM-023', N'Firma 23', N'05572164686', N'Serkan Dogan', N'Mersin', N'1', N'Konya VD', N'1118543408', N'info23@firma23.com', N'TR43392547361849858170', N'KLN-ADMIN', N'2026-01-08 17:54:27');
INSERT INTO [Lbys].[FIRMA] ([FIRMA_KODU], [FIRMA_ADI], [TELEFON_NUMARASI], [YETKILI_KISI], [FIRMA_ADRESI], [AKTIFLIK_BILGISI], [VERGI_DAIRESI], [VERGI_NUMARASI], [EPOSTA_ADRESI], [IBAN_NUMARASI], [EKLEYEN_KULLANICI_KODU], [KAYIT_ZAMANI]) VALUES (N'FRM-024', N'Firma 24', N'05312818692', N'Asli Aslan', N'Adana', N'1', N'Adana VD', N'5791662169', N'info24@firma24.com', N'TR83411416245976473228', N'KLN-ADMIN', N'2026-01-08 17:54:27');
INSERT INTO [Lbys].[FIRMA] ([FIRMA_KODU], [FIRMA_ADI], [TELEFON_NUMARASI], [YETKILI_KISI], [FIRMA_ADRESI], [AKTIFLIK_BILGISI], [VERGI_DAIRESI], [VERGI_NUMARASI], [EPOSTA_ADRESI], [IBAN_NUMARASI], [EKLEYEN_KULLANICI_KODU], [KAYIT_ZAMANI]) VALUES (N'FRM-025', N'Firma 25', N'05528315831', N'Ahmet Kurt', N'Mersin', N'1', N'Bursa VD', N'6859286614', N'info25@firma25.com', N'TR18640954180710038759', N'KLN-ADMIN', N'2026-01-08 17:54:27');
INSERT INTO [Lbys].[FIRMA] ([FIRMA_KODU], [FIRMA_ADI], [TELEFON_NUMARASI], [YETKILI_KISI], [FIRMA_ADRESI], [AKTIFLIK_BILGISI], [VERGI_DAIRESI], [VERGI_NUMARASI], [EPOSTA_ADRESI], [IBAN_NUMARASI], [EKLEYEN_KULLANICI_KODU], [KAYIT_ZAMANI]) VALUES (N'FRM-026', N'Firma 26', N'05513090865', N'Baris Kurt', N'Antalya', N'1', N'Konya VD', N'6695912196', N'info26@firma26.com', N'TR99584427912394807803', N'KLN-ADMIN', N'2026-01-08 17:54:27');
INSERT INTO [Lbys].[FIRMA] ([FIRMA_KODU], [FIRMA_ADI], [TELEFON_NUMARASI], [YETKILI_KISI], [FIRMA_ADRESI], [AKTIFLIK_BILGISI], [VERGI_DAIRESI], [VERGI_NUMARASI], [EPOSTA_ADRESI], [IBAN_NUMARASI], [EKLEYEN_KULLANICI_KODU], [KAYIT_ZAMANI]) VALUES (N'FRM-027', N'Firma 27', N'05368053918', N'Zeynep Yildiz', N'Diyarbakir', N'1', N'Diyarbakir VD', N'6587537178', N'info27@firma27.com', N'TR80100650378292682679', N'KLN-ADMIN', N'2026-01-08 17:54:27');
INSERT INTO [Lbys].[FIRMA] ([FIRMA_KODU], [FIRMA_ADI], [TELEFON_NUMARASI], [YETKILI_KISI], [FIRMA_ADRESI], [AKTIFLIK_BILGISI], [VERGI_DAIRESI], [VERGI_NUMARASI], [EPOSTA_ADRESI], [IBAN_NUMARASI], [EKLEYEN_KULLANICI_KODU], [KAYIT_ZAMANI]) VALUES (N'FRM-028', N'Firma 28', N'05368212326', N'Pinar Polat', N'Adana', N'1', N'Gaziantep VD', N'7192423780', N'info28@firma28.com', N'TR96450176595663400078', N'KLN-ADMIN', N'2026-01-08 17:54:27');
INSERT INTO [Lbys].[FIRMA] ([FIRMA_KODU], [FIRMA_ADI], [TELEFON_NUMARASI], [YETKILI_KISI], [FIRMA_ADRESI], [AKTIFLIK_BILGISI], [VERGI_DAIRESI], [VERGI_NUMARASI], [EPOSTA_ADRESI], [IBAN_NUMARASI], [EKLEYEN_KULLANICI_KODU], [KAYIT_ZAMANI]) VALUES (N'FRM-029', N'Firma 29', N'05553846949', N'Hasan Ozdemir', N'Mersin', N'1', N'Diyarbakir VD', N'2439622619', N'info29@firma29.com', N'TR40608530736957361640', N'KLN-ADMIN', N'2026-01-08 17:54:27');
INSERT INTO [Lbys].[FIRMA] ([FIRMA_KODU], [FIRMA_ADI], [TELEFON_NUMARASI], [YETKILI_KISI], [FIRMA_ADRESI], [AKTIFLIK_BILGISI], [VERGI_DAIRESI], [VERGI_NUMARASI], [EPOSTA_ADRESI], [IBAN_NUMARASI], [EKLEYEN_KULLANICI_KODU], [KAYIT_ZAMANI]) VALUES (N'FRM-030', N'Firma 30', N'05301775337', N'Cem Koc', N'Diyarbakir', N'1', N'Ankara VD', N'7250964836', N'info30@firma30.com', N'TR90418579575824402870', N'KLN-ADMIN', N'2026-01-08 17:54:27');
INSERT INTO [Lbys].[FIRMA] ([FIRMA_KODU], [FIRMA_ADI], [TELEFON_NUMARASI], [YETKILI_KISI], [FIRMA_ADRESI], [AKTIFLIK_BILGISI], [VERGI_DAIRESI], [VERGI_NUMARASI], [EPOSTA_ADRESI], [IBAN_NUMARASI], [EKLEYEN_KULLANICI_KODU], [KAYIT_ZAMANI]) VALUES (N'FRM-031', N'Firma 31', N'05425093379', N'Omer Yilmaz', N'Ankara', N'1', N'Konya VD', N'1939915527', N'info31@firma31.com', N'TR99948617067216428502', N'KLN-ADMIN', N'2026-01-08 17:54:27');
INSERT INTO [Lbys].[FIRMA] ([FIRMA_KODU], [FIRMA_ADI], [TELEFON_NUMARASI], [YETKILI_KISI], [FIRMA_ADRESI], [AKTIFLIK_BILGISI], [VERGI_DAIRESI], [VERGI_NUMARASI], [EPOSTA_ADRESI], [IBAN_NUMARASI], [EKLEYEN_KULLANICI_KODU], [KAYIT_ZAMANI]) VALUES (N'FRM-032', N'Firma 32', N'05475180853', N'Osman Cetin', N'Izmir', N'1', N'Gaziantep VD', N'7852415525', N'info32@firma32.com', N'TR66927087107147809209', N'KLN-ADMIN', N'2026-01-08 17:54:27');
INSERT INTO [Lbys].[FIRMA] ([FIRMA_KODU], [FIRMA_ADI], [TELEFON_NUMARASI], [YETKILI_KISI], [FIRMA_ADRESI], [AKTIFLIK_BILGISI], [VERGI_DAIRESI], [VERGI_NUMARASI], [EPOSTA_ADRESI], [IBAN_NUMARASI], [EKLEYEN_KULLANICI_KODU], [KAYIT_ZAMANI]) VALUES (N'FRM-033', N'Firma 33', N'05443670226', N'Derya Cetin', N'Antalya', N'1', N'Bursa VD', N'6322520473', N'info33@firma33.com', N'TR66226950212548477019', N'KLN-ADMIN', N'2026-01-08 17:54:27');
INSERT INTO [Lbys].[FIRMA] ([FIRMA_KODU], [FIRMA_ADI], [TELEFON_NUMARASI], [YETKILI_KISI], [FIRMA_ADRESI], [AKTIFLIK_BILGISI], [VERGI_DAIRESI], [VERGI_NUMARASI], [EPOSTA_ADRESI], [IBAN_NUMARASI], [EKLEYEN_KULLANICI_KODU], [KAYIT_ZAMANI]) VALUES (N'FRM-034', N'Firma 34', N'05375558623', N'Ayse Arslan', N'Mersin', N'1', N'Ankara VD', N'1594312071', N'info34@firma34.com', N'TR39727531507881742833', N'KLN-ADMIN', N'2026-01-08 17:54:27');
INSERT INTO [Lbys].[FIRMA] ([FIRMA_KODU], [FIRMA_ADI], [TELEFON_NUMARASI], [YETKILI_KISI], [FIRMA_ADRESI], [AKTIFLIK_BILGISI], [VERGI_DAIRESI], [VERGI_NUMARASI], [EPOSTA_ADRESI], [IBAN_NUMARASI], [EKLEYEN_KULLANICI_KODU], [KAYIT_ZAMANI]) VALUES (N'FRM-035', N'Firma 35', N'05524589533', N'Huseyin Aslan', N'Konya', N'1', N'Adana VD', N'7625464411', N'info35@firma35.com', N'TR63202064814177134239', N'KLN-ADMIN', N'2026-01-08 17:54:27');
GO

-- HIZMET (35 rows)
INSERT INTO [Lbys].[HIZMET] ([HIZMET_KODU], [HIZMET_ADI], [AKTIFLIK_BILGISI], [EKLEYEN_KULLANICI_KODU], [KAYIT_ZAMANI]) VALUES (N'HZM-TTK-001', N'Hemogram', N'1', N'KLN-ADMIN', N'2026-01-08 17:54:27');
INSERT INTO [Lbys].[HIZMET] ([HIZMET_KODU], [HIZMET_ADI], [AKTIFLIK_BILGISI], [EKLEYEN_KULLANICI_KODU], [KAYIT_ZAMANI]) VALUES (N'HZM-TTK-002', N'Biyokimya Panel', N'1', N'KLN-ADMIN', N'2026-01-08 17:54:27');
INSERT INTO [Lbys].[HIZMET] ([HIZMET_KODU], [HIZMET_ADI], [AKTIFLIK_BILGISI], [EKLEYEN_KULLANICI_KODU], [KAYIT_ZAMANI]) VALUES (N'HZM-TTK-003', N'Idrar Tahlili', N'1', N'KLN-ADMIN', N'2026-01-08 17:54:27');
INSERT INTO [Lbys].[HIZMET] ([HIZMET_KODU], [HIZMET_ADI], [AKTIFLIK_BILGISI], [EKLEYEN_KULLANICI_KODU], [KAYIT_ZAMANI]) VALUES (N'HZM-MYN-001', N'Poliklinik Muayenesi', N'1', N'KLN-ADMIN', N'2026-01-08 17:54:27');
INSERT INTO [Lbys].[HIZMET] ([HIZMET_KODU], [HIZMET_ADI], [AKTIFLIK_BILGISI], [EKLEYEN_KULLANICI_KODU], [KAYIT_ZAMANI]) VALUES (N'HZM-MYN-002', N'Acil Muayene', N'1', N'KLN-ADMIN', N'2026-01-08 17:54:27');
INSERT INTO [Lbys].[HIZMET] ([HIZMET_KODU], [HIZMET_ADI], [AKTIFLIK_BILGISI], [EKLEYEN_KULLANICI_KODU], [KAYIT_ZAMANI]) VALUES (N'HZM-GRN-001', N'Direkt Rontgen', N'1', N'KLN-ADMIN', N'2026-01-08 17:54:27');
INSERT INTO [Lbys].[HIZMET] ([HIZMET_KODU], [HIZMET_ADI], [AKTIFLIK_BILGISI], [EKLEYEN_KULLANICI_KODU], [KAYIT_ZAMANI]) VALUES (N'HZM-GRN-002', N'Ultrasonografi', N'1', N'KLN-ADMIN', N'2026-01-08 17:54:27');
INSERT INTO [Lbys].[HIZMET] ([HIZMET_KODU], [HIZMET_ADI], [AKTIFLIK_BILGISI], [EKLEYEN_KULLANICI_KODU], [KAYIT_ZAMANI]) VALUES (N'HZM-GRN-003', N'BT', N'1', N'KLN-ADMIN', N'2026-01-08 17:54:27');
INSERT INTO [Lbys].[HIZMET] ([HIZMET_KODU], [HIZMET_ADI], [AKTIFLIK_BILGISI], [EKLEYEN_KULLANICI_KODU], [KAYIT_ZAMANI]) VALUES (N'HZM-GRN-004', N'MR', N'1', N'KLN-ADMIN', N'2026-01-08 17:54:27');
INSERT INTO [Lbys].[HIZMET] ([HIZMET_KODU], [HIZMET_ADI], [AKTIFLIK_BILGISI], [EKLEYEN_KULLANICI_KODU], [KAYIT_ZAMANI]) VALUES (N'HZM-AML-001', N'Ameliyat Hizmeti', N'1', N'KLN-ADMIN', N'2026-01-08 17:54:27');
INSERT INTO [Lbys].[HIZMET] ([HIZMET_KODU], [HIZMET_ADI], [AKTIFLIK_BILGISI], [EKLEYEN_KULLANICI_KODU], [KAYIT_ZAMANI]) VALUES (N'HZM-011', N'Hizmet 11', N'1', N'KLN-ADMIN', N'2026-01-08 17:54:27');
INSERT INTO [Lbys].[HIZMET] ([HIZMET_KODU], [HIZMET_ADI], [AKTIFLIK_BILGISI], [EKLEYEN_KULLANICI_KODU], [KAYIT_ZAMANI]) VALUES (N'HZM-012', N'Hizmet 12', N'1', N'KLN-ADMIN', N'2026-01-08 17:54:27');
INSERT INTO [Lbys].[HIZMET] ([HIZMET_KODU], [HIZMET_ADI], [AKTIFLIK_BILGISI], [EKLEYEN_KULLANICI_KODU], [KAYIT_ZAMANI]) VALUES (N'HZM-013', N'Hizmet 13', N'1', N'KLN-ADMIN', N'2026-01-08 17:54:27');
INSERT INTO [Lbys].[HIZMET] ([HIZMET_KODU], [HIZMET_ADI], [AKTIFLIK_BILGISI], [EKLEYEN_KULLANICI_KODU], [KAYIT_ZAMANI]) VALUES (N'HZM-014', N'Hizmet 14', N'1', N'KLN-ADMIN', N'2026-01-08 17:54:27');
INSERT INTO [Lbys].[HIZMET] ([HIZMET_KODU], [HIZMET_ADI], [AKTIFLIK_BILGISI], [EKLEYEN_KULLANICI_KODU], [KAYIT_ZAMANI]) VALUES (N'HZM-015', N'Hizmet 15', N'1', N'KLN-ADMIN', N'2026-01-08 17:54:27');
INSERT INTO [Lbys].[HIZMET] ([HIZMET_KODU], [HIZMET_ADI], [AKTIFLIK_BILGISI], [EKLEYEN_KULLANICI_KODU], [KAYIT_ZAMANI]) VALUES (N'HZM-016', N'Hizmet 16', N'1', N'KLN-ADMIN', N'2026-01-08 17:54:27');
INSERT INTO [Lbys].[HIZMET] ([HIZMET_KODU], [HIZMET_ADI], [AKTIFLIK_BILGISI], [EKLEYEN_KULLANICI_KODU], [KAYIT_ZAMANI]) VALUES (N'HZM-017', N'Hizmet 17', N'1', N'KLN-ADMIN', N'2026-01-08 17:54:27');
INSERT INTO [Lbys].[HIZMET] ([HIZMET_KODU], [HIZMET_ADI], [AKTIFLIK_BILGISI], [EKLEYEN_KULLANICI_KODU], [KAYIT_ZAMANI]) VALUES (N'HZM-018', N'Hizmet 18', N'1', N'KLN-ADMIN', N'2026-01-08 17:54:27');
INSERT INTO [Lbys].[HIZMET] ([HIZMET_KODU], [HIZMET_ADI], [AKTIFLIK_BILGISI], [EKLEYEN_KULLANICI_KODU], [KAYIT_ZAMANI]) VALUES (N'HZM-019', N'Hizmet 19', N'1', N'KLN-ADMIN', N'2026-01-08 17:54:27');
INSERT INTO [Lbys].[HIZMET] ([HIZMET_KODU], [HIZMET_ADI], [AKTIFLIK_BILGISI], [EKLEYEN_KULLANICI_KODU], [KAYIT_ZAMANI]) VALUES (N'HZM-020', N'Hizmet 20', N'1', N'KLN-ADMIN', N'2026-01-08 17:54:27');
INSERT INTO [Lbys].[HIZMET] ([HIZMET_KODU], [HIZMET_ADI], [AKTIFLIK_BILGISI], [EKLEYEN_KULLANICI_KODU], [KAYIT_ZAMANI]) VALUES (N'HZM-021', N'Hizmet 21', N'1', N'KLN-ADMIN', N'2026-01-08 17:54:27');
INSERT INTO [Lbys].[HIZMET] ([HIZMET_KODU], [HIZMET_ADI], [AKTIFLIK_BILGISI], [EKLEYEN_KULLANICI_KODU], [KAYIT_ZAMANI]) VALUES (N'HZM-022', N'Hizmet 22', N'1', N'KLN-ADMIN', N'2026-01-08 17:54:27');
INSERT INTO [Lbys].[HIZMET] ([HIZMET_KODU], [HIZMET_ADI], [AKTIFLIK_BILGISI], [EKLEYEN_KULLANICI_KODU], [KAYIT_ZAMANI]) VALUES (N'HZM-023', N'Hizmet 23', N'1', N'KLN-ADMIN', N'2026-01-08 17:54:27');
INSERT INTO [Lbys].[HIZMET] ([HIZMET_KODU], [HIZMET_ADI], [AKTIFLIK_BILGISI], [EKLEYEN_KULLANICI_KODU], [KAYIT_ZAMANI]) VALUES (N'HZM-024', N'Hizmet 24', N'1', N'KLN-ADMIN', N'2026-01-08 17:54:27');
INSERT INTO [Lbys].[HIZMET] ([HIZMET_KODU], [HIZMET_ADI], [AKTIFLIK_BILGISI], [EKLEYEN_KULLANICI_KODU], [KAYIT_ZAMANI]) VALUES (N'HZM-025', N'Hizmet 25', N'1', N'KLN-ADMIN', N'2026-01-08 17:54:27');
INSERT INTO [Lbys].[HIZMET] ([HIZMET_KODU], [HIZMET_ADI], [AKTIFLIK_BILGISI], [EKLEYEN_KULLANICI_KODU], [KAYIT_ZAMANI]) VALUES (N'HZM-026', N'Hizmet 26', N'1', N'KLN-ADMIN', N'2026-01-08 17:54:27');
INSERT INTO [Lbys].[HIZMET] ([HIZMET_KODU], [HIZMET_ADI], [AKTIFLIK_BILGISI], [EKLEYEN_KULLANICI_KODU], [KAYIT_ZAMANI]) VALUES (N'HZM-027', N'Hizmet 27', N'1', N'KLN-ADMIN', N'2026-01-08 17:54:27');
INSERT INTO [Lbys].[HIZMET] ([HIZMET_KODU], [HIZMET_ADI], [AKTIFLIK_BILGISI], [EKLEYEN_KULLANICI_KODU], [KAYIT_ZAMANI]) VALUES (N'HZM-028', N'Hizmet 28', N'1', N'KLN-ADMIN', N'2026-01-08 17:54:27');
INSERT INTO [Lbys].[HIZMET] ([HIZMET_KODU], [HIZMET_ADI], [AKTIFLIK_BILGISI], [EKLEYEN_KULLANICI_KODU], [KAYIT_ZAMANI]) VALUES (N'HZM-029', N'Hizmet 29', N'1', N'KLN-ADMIN', N'2026-01-08 17:54:27');
INSERT INTO [Lbys].[HIZMET] ([HIZMET_KODU], [HIZMET_ADI], [AKTIFLIK_BILGISI], [EKLEYEN_KULLANICI_KODU], [KAYIT_ZAMANI]) VALUES (N'HZM-030', N'Hizmet 30', N'1', N'KLN-ADMIN', N'2026-01-08 17:54:27');
INSERT INTO [Lbys].[HIZMET] ([HIZMET_KODU], [HIZMET_ADI], [AKTIFLIK_BILGISI], [EKLEYEN_KULLANICI_KODU], [KAYIT_ZAMANI]) VALUES (N'HZM-031', N'Hizmet 31', N'1', N'KLN-ADMIN', N'2026-01-08 17:54:27');
INSERT INTO [Lbys].[HIZMET] ([HIZMET_KODU], [HIZMET_ADI], [AKTIFLIK_BILGISI], [EKLEYEN_KULLANICI_KODU], [KAYIT_ZAMANI]) VALUES (N'HZM-032', N'Hizmet 32', N'1', N'KLN-ADMIN', N'2026-01-08 17:54:27');
INSERT INTO [Lbys].[HIZMET] ([HIZMET_KODU], [HIZMET_ADI], [AKTIFLIK_BILGISI], [EKLEYEN_KULLANICI_KODU], [KAYIT_ZAMANI]) VALUES (N'HZM-033', N'Hizmet 33', N'1', N'KLN-ADMIN', N'2026-01-08 17:54:27');
INSERT INTO [Lbys].[HIZMET] ([HIZMET_KODU], [HIZMET_ADI], [AKTIFLIK_BILGISI], [EKLEYEN_KULLANICI_KODU], [KAYIT_ZAMANI]) VALUES (N'HZM-034', N'Hizmet 34', N'1', N'KLN-ADMIN', N'2026-01-08 17:54:27');
INSERT INTO [Lbys].[HIZMET] ([HIZMET_KODU], [HIZMET_ADI], [AKTIFLIK_BILGISI], [EKLEYEN_KULLANICI_KODU], [KAYIT_ZAMANI]) VALUES (N'HZM-035', N'Hizmet 35', N'1', N'KLN-ADMIN', N'2026-01-08 17:54:27');
GO

-- PERSONEL (35 rows)
INSERT INTO [Lbys].[PERSONEL] ([PERSONEL_KODU], [AD], [TC_KIMLIK_NUMARASI], [SOYADI], [CINSIYET], [UNVAN_KODU], [AKTIFLIK_BILGISI], [EKLEYEN_KULLANICI_KODU], [KAYIT_ZAMANI]) VALUES (N'PRS-001', N'Onur', N'12048612358', N'Kilic', N'CNS-E', N'UNV-HEM', N'1', N'KLN-ADMIN', N'2026-01-08 17:54:27');
INSERT INTO [Lbys].[PERSONEL] ([PERSONEL_KODU], [AD], [TC_KIMLIK_NUMARASI], [SOYADI], [CINSIYET], [UNVAN_KODU], [AKTIFLIK_BILGISI], [EKLEYEN_KULLANICI_KODU], [KAYIT_ZAMANI]) VALUES (N'PRS-002', N'Sibel', N'86169673298', N'Aslan', N'CNS-K', N'UNV-IDR', N'1', N'KLN-ADMIN', N'2026-01-08 17:54:27');
INSERT INTO [Lbys].[PERSONEL] ([PERSONEL_KODU], [AD], [TC_KIMLIK_NUMARASI], [SOYADI], [CINSIYET], [UNVAN_KODU], [AKTIFLIK_BILGISI], [EKLEYEN_KULLANICI_KODU], [KAYIT_ZAMANI]) VALUES (N'PRS-003', N'Cem', N'67006823094', N'Ozturk', N'CNS-E', N'UNV-TKN', N'1', N'KLN-ADMIN', N'2026-01-08 17:54:27');
INSERT INTO [Lbys].[PERSONEL] ([PERSONEL_KODU], [AD], [TC_KIMLIK_NUMARASI], [SOYADI], [CINSIYET], [UNVAN_KODU], [AKTIFLIK_BILGISI], [EKLEYEN_KULLANICI_KODU], [KAYIT_ZAMANI]) VALUES (N'PRS-004', N'Burak', N'64967602742', N'Arslan', N'CNS-E', N'UNV-ASS', N'1', N'KLN-ADMIN', N'2026-01-08 17:54:27');
INSERT INTO [Lbys].[PERSONEL] ([PERSONEL_KODU], [AD], [TC_KIMLIK_NUMARASI], [SOYADI], [CINSIYET], [UNVAN_KODU], [AKTIFLIK_BILGISI], [EKLEYEN_KULLANICI_KODU], [KAYIT_ZAMANI]) VALUES (N'PRS-005', N'Zeynep', N'12294043548', N'Polat', N'CNS-K', N'UNV-TKN', N'1', N'KLN-ADMIN', N'2026-01-08 17:54:27');
INSERT INTO [Lbys].[PERSONEL] ([PERSONEL_KODU], [AD], [TC_KIMLIK_NUMARASI], [SOYADI], [CINSIYET], [UNVAN_KODU], [AKTIFLIK_BILGISI], [EKLEYEN_KULLANICI_KODU], [KAYIT_ZAMANI]) VALUES (N'PRS-006', N'Mustafa', N'33457816221', N'Aslan', N'CNS-E', N'UNV-UZM', N'1', N'KLN-ADMIN', N'2026-01-08 17:54:27');
INSERT INTO [Lbys].[PERSONEL] ([PERSONEL_KODU], [AD], [TC_KIMLIK_NUMARASI], [SOYADI], [CINSIYET], [UNVAN_KODU], [AKTIFLIK_BILGISI], [EKLEYEN_KULLANICI_KODU], [KAYIT_ZAMANI]) VALUES (N'PRS-007', N'Sibel', N'71038616156', N'Arslan', N'CNS-K', N'UNV-HEM', N'1', N'KLN-ADMIN', N'2026-01-08 17:54:27');
INSERT INTO [Lbys].[PERSONEL] ([PERSONEL_KODU], [AD], [TC_KIMLIK_NUMARASI], [SOYADI], [CINSIYET], [UNVAN_KODU], [AKTIFLIK_BILGISI], [EKLEYEN_KULLANICI_KODU], [KAYIT_ZAMANI]) VALUES (N'PRS-008', N'Sibel', N'69407662450', N'Aydin', N'CNS-K', N'UNV-HEM', N'1', N'KLN-ADMIN', N'2026-01-08 17:54:27');
INSERT INTO [Lbys].[PERSONEL] ([PERSONEL_KODU], [AD], [TC_KIMLIK_NUMARASI], [SOYADI], [CINSIYET], [UNVAN_KODU], [AKTIFLIK_BILGISI], [EKLEYEN_KULLANICI_KODU], [KAYIT_ZAMANI]) VALUES (N'PRS-009', N'Cem', N'86231478728', N'Yilmaz', N'CNS-E', N'UNV-UZM', N'1', N'KLN-ADMIN', N'2026-01-08 17:54:27');
INSERT INTO [Lbys].[PERSONEL] ([PERSONEL_KODU], [AD], [TC_KIMLIK_NUMARASI], [SOYADI], [CINSIYET], [UNVAN_KODU], [AKTIFLIK_BILGISI], [EKLEYEN_KULLANICI_KODU], [KAYIT_ZAMANI]) VALUES (N'PRS-010', N'Merve', N'17094232227', N'Demir', N'CNS-K', N'UNV-UZM', N'1', N'KLN-ADMIN', N'2026-01-08 17:54:27');
INSERT INTO [Lbys].[PERSONEL] ([PERSONEL_KODU], [AD], [TC_KIMLIK_NUMARASI], [SOYADI], [CINSIYET], [UNVAN_KODU], [AKTIFLIK_BILGISI], [EKLEYEN_KULLANICI_KODU], [KAYIT_ZAMANI]) VALUES (N'PRS-011', N'Ibrahim', N'29848485517', N'Yilmaz', N'CNS-E', N'UNV-ASS', N'1', N'KLN-ADMIN', N'2026-01-08 17:54:27');
INSERT INTO [Lbys].[PERSONEL] ([PERSONEL_KODU], [AD], [TC_KIMLIK_NUMARASI], [SOYADI], [CINSIYET], [UNVAN_KODU], [AKTIFLIK_BILGISI], [EKLEYEN_KULLANICI_KODU], [KAYIT_ZAMANI]) VALUES (N'PRS-012', N'Cem', N'71065692731', N'Celik', N'CNS-E', N'UNV-HEM', N'1', N'KLN-ADMIN', N'2026-01-08 17:54:27');
INSERT INTO [Lbys].[PERSONEL] ([PERSONEL_KODU], [AD], [TC_KIMLIK_NUMARASI], [SOYADI], [CINSIYET], [UNVAN_KODU], [AKTIFLIK_BILGISI], [EKLEYEN_KULLANICI_KODU], [KAYIT_ZAMANI]) VALUES (N'PRS-013', N'Elif', N'34993708224', N'Polat', N'CNS-K', N'UNV-HEM', N'1', N'KLN-ADMIN', N'2026-01-08 17:54:27');
INSERT INTO [Lbys].[PERSONEL] ([PERSONEL_KODU], [AD], [TC_KIMLIK_NUMARASI], [SOYADI], [CINSIYET], [UNVAN_KODU], [AKTIFLIK_BILGISI], [EKLEYEN_KULLANICI_KODU], [KAYIT_ZAMANI]) VALUES (N'PRS-014', N'Onur', N'52644245686', N'Yilmaz', N'CNS-E', N'UNV-IDR', N'1', N'KLN-ADMIN', N'2026-01-08 17:54:27');
INSERT INTO [Lbys].[PERSONEL] ([PERSONEL_KODU], [AD], [TC_KIMLIK_NUMARASI], [SOYADI], [CINSIYET], [UNVAN_KODU], [AKTIFLIK_BILGISI], [EKLEYEN_KULLANICI_KODU], [KAYIT_ZAMANI]) VALUES (N'PRS-015', N'Sibel', N'87635813702', N'Yildirim', N'CNS-K', N'UNV-ASS', N'1', N'KLN-ADMIN', N'2026-01-08 17:54:27');
INSERT INTO [Lbys].[PERSONEL] ([PERSONEL_KODU], [AD], [TC_KIMLIK_NUMARASI], [SOYADI], [CINSIYET], [UNVAN_KODU], [AKTIFLIK_BILGISI], [EKLEYEN_KULLANICI_KODU], [KAYIT_ZAMANI]) VALUES (N'PRS-016', N'Omer', N'26344618159', N'Polat', N'CNS-E', N'UNV-IDR', N'1', N'KLN-ADMIN', N'2026-01-08 17:54:27');
INSERT INTO [Lbys].[PERSONEL] ([PERSONEL_KODU], [AD], [TC_KIMLIK_NUMARASI], [SOYADI], [CINSIYET], [UNVAN_KODU], [AKTIFLIK_BILGISI], [EKLEYEN_KULLANICI_KODU], [KAYIT_ZAMANI]) VALUES (N'PRS-017', N'Emre', N'20181524415', N'Ozkan', N'CNS-E', N'UNV-IDR', N'1', N'KLN-ADMIN', N'2026-01-08 17:54:27');
INSERT INTO [Lbys].[PERSONEL] ([PERSONEL_KODU], [AD], [TC_KIMLIK_NUMARASI], [SOYADI], [CINSIYET], [UNVAN_KODU], [AKTIFLIK_BILGISI], [EKLEYEN_KULLANICI_KODU], [KAYIT_ZAMANI]) VALUES (N'PRS-018', N'Fatma', N'77956393836', N'Aslan', N'CNS-K', N'UNV-UZM', N'1', N'KLN-ADMIN', N'2026-01-08 17:54:27');
INSERT INTO [Lbys].[PERSONEL] ([PERSONEL_KODU], [AD], [TC_KIMLIK_NUMARASI], [SOYADI], [CINSIYET], [UNVAN_KODU], [AKTIFLIK_BILGISI], [EKLEYEN_KULLANICI_KODU], [KAYIT_ZAMANI]) VALUES (N'PRS-019', N'Esra', N'30217736696', N'Cetin', N'CNS-K', N'UNV-TKN', N'1', N'KLN-ADMIN', N'2026-01-08 17:54:27');
INSERT INTO [Lbys].[PERSONEL] ([PERSONEL_KODU], [AD], [TC_KIMLIK_NUMARASI], [SOYADI], [CINSIYET], [UNVAN_KODU], [AKTIFLIK_BILGISI], [EKLEYEN_KULLANICI_KODU], [KAYIT_ZAMANI]) VALUES (N'PRS-020', N'Tolga', N'86964171798', N'Aydin', N'CNS-E', N'UNV-TKN', N'1', N'KLN-ADMIN', N'2026-01-08 17:54:27');
INSERT INTO [Lbys].[PERSONEL] ([PERSONEL_KODU], [AD], [TC_KIMLIK_NUMARASI], [SOYADI], [CINSIYET], [UNVAN_KODU], [AKTIFLIK_BILGISI], [EKLEYEN_KULLANICI_KODU], [KAYIT_ZAMANI]) VALUES (N'PRS-021', N'Gul', N'54102423031', N'Simsek', N'CNS-K', N'UNV-ASS', N'1', N'KLN-ADMIN', N'2026-01-08 17:54:27');
INSERT INTO [Lbys].[PERSONEL] ([PERSONEL_KODU], [AD], [TC_KIMLIK_NUMARASI], [SOYADI], [CINSIYET], [UNVAN_KODU], [AKTIFLIK_BILGISI], [EKLEYEN_KULLANICI_KODU], [KAYIT_ZAMANI]) VALUES (N'PRS-022', N'Murat', N'89305318997', N'Cetin', N'CNS-E', N'UNV-IDR', N'1', N'KLN-ADMIN', N'2026-01-08 17:54:27');
INSERT INTO [Lbys].[PERSONEL] ([PERSONEL_KODU], [AD], [TC_KIMLIK_NUMARASI], [SOYADI], [CINSIYET], [UNVAN_KODU], [AKTIFLIK_BILGISI], [EKLEYEN_KULLANICI_KODU], [KAYIT_ZAMANI]) VALUES (N'PRS-023', N'Derya', N'32870761702', N'Yilmaz', N'CNS-K', N'UNV-TKN', N'1', N'KLN-ADMIN', N'2026-01-08 17:54:27');
INSERT INTO [Lbys].[PERSONEL] ([PERSONEL_KODU], [AD], [TC_KIMLIK_NUMARASI], [SOYADI], [CINSIYET], [UNVAN_KODU], [AKTIFLIK_BILGISI], [EKLEYEN_KULLANICI_KODU], [KAYIT_ZAMANI]) VALUES (N'PRS-024', N'Emre', N'45821482566', N'Aydin', N'CNS-E', N'UNV-IDR', N'1', N'KLN-ADMIN', N'2026-01-08 17:54:27');
INSERT INTO [Lbys].[PERSONEL] ([PERSONEL_KODU], [AD], [TC_KIMLIK_NUMARASI], [SOYADI], [CINSIYET], [UNVAN_KODU], [AKTIFLIK_BILGISI], [EKLEYEN_KULLANICI_KODU], [KAYIT_ZAMANI]) VALUES (N'PRS-025', N'Pinar', N'19410515698', N'Yilmaz', N'CNS-K', N'UNV-ASS', N'1', N'KLN-ADMIN', N'2026-01-08 17:54:27');
INSERT INTO [Lbys].[PERSONEL] ([PERSONEL_KODU], [AD], [TC_KIMLIK_NUMARASI], [SOYADI], [CINSIYET], [UNVAN_KODU], [AKTIFLIK_BILGISI], [EKLEYEN_KULLANICI_KODU], [KAYIT_ZAMANI]) VALUES (N'PRS-026', N'Deniz', N'43321063465', N'Ozkan', N'CNS-K', N'UNV-TKN', N'1', N'KLN-ADMIN', N'2026-01-08 17:54:27');
INSERT INTO [Lbys].[PERSONEL] ([PERSONEL_KODU], [AD], [TC_KIMLIK_NUMARASI], [SOYADI], [CINSIYET], [UNVAN_KODU], [AKTIFLIK_BILGISI], [EKLEYEN_KULLANICI_KODU], [KAYIT_ZAMANI]) VALUES (N'PRS-027', N'Nur', N'49054366766', N'Yilmaz', N'CNS-K', N'UNV-ASS', N'1', N'KLN-ADMIN', N'2026-01-08 17:54:27');
INSERT INTO [Lbys].[PERSONEL] ([PERSONEL_KODU], [AD], [TC_KIMLIK_NUMARASI], [SOYADI], [CINSIYET], [UNVAN_KODU], [AKTIFLIK_BILGISI], [EKLEYEN_KULLANICI_KODU], [KAYIT_ZAMANI]) VALUES (N'PRS-028', N'Merve', N'90161097906', N'Ozdemir', N'CNS-K', N'UNV-HEM', N'1', N'KLN-ADMIN', N'2026-01-08 17:54:27');
INSERT INTO [Lbys].[PERSONEL] ([PERSONEL_KODU], [AD], [TC_KIMLIK_NUMARASI], [SOYADI], [CINSIYET], [UNVAN_KODU], [AKTIFLIK_BILGISI], [EKLEYEN_KULLANICI_KODU], [KAYIT_ZAMANI]) VALUES (N'PRS-029', N'Pinar', N'67311001602', N'Kurt', N'CNS-K', N'UNV-IDR', N'1', N'KLN-ADMIN', N'2026-01-08 17:54:27');
INSERT INTO [Lbys].[PERSONEL] ([PERSONEL_KODU], [AD], [TC_KIMLIK_NUMARASI], [SOYADI], [CINSIYET], [UNVAN_KODU], [AKTIFLIK_BILGISI], [EKLEYEN_KULLANICI_KODU], [KAYIT_ZAMANI]) VALUES (N'PRS-030', N'Esra', N'49818282850', N'Cetin', N'CNS-K', N'UNV-HEM', N'1', N'KLN-ADMIN', N'2026-01-08 17:54:27');
INSERT INTO [Lbys].[PERSONEL] ([PERSONEL_KODU], [AD], [TC_KIMLIK_NUMARASI], [SOYADI], [CINSIYET], [UNVAN_KODU], [AKTIFLIK_BILGISI], [EKLEYEN_KULLANICI_KODU], [KAYIT_ZAMANI]) VALUES (N'PRS-031', N'Ali', N'24240169990', N'Yildirim', N'CNS-E', N'UNV-IDR', N'1', N'KLN-ADMIN', N'2026-01-08 17:54:27');
INSERT INTO [Lbys].[PERSONEL] ([PERSONEL_KODU], [AD], [TC_KIMLIK_NUMARASI], [SOYADI], [CINSIYET], [UNVAN_KODU], [AKTIFLIK_BILGISI], [EKLEYEN_KULLANICI_KODU], [KAYIT_ZAMANI]) VALUES (N'PRS-032', N'Ibrahim', N'77596792264', N'Yildirim', N'CNS-E', N'UNV-HEM', N'1', N'KLN-ADMIN', N'2026-01-08 17:54:27');
INSERT INTO [Lbys].[PERSONEL] ([PERSONEL_KODU], [AD], [TC_KIMLIK_NUMARASI], [SOYADI], [CINSIYET], [UNVAN_KODU], [AKTIFLIK_BILGISI], [EKLEYEN_KULLANICI_KODU], [KAYIT_ZAMANI]) VALUES (N'PRS-033', N'Hatice', N'41337139942', N'Yildirim', N'CNS-K', N'UNV-HEM', N'1', N'KLN-ADMIN', N'2026-01-08 17:54:27');
INSERT INTO [Lbys].[PERSONEL] ([PERSONEL_KODU], [AD], [TC_KIMLIK_NUMARASI], [SOYADI], [CINSIYET], [UNVAN_KODU], [AKTIFLIK_BILGISI], [EKLEYEN_KULLANICI_KODU], [KAYIT_ZAMANI]) VALUES (N'PRS-034', N'Omer', N'86055360270', N'Yilmaz', N'CNS-E', N'UNV-ASS', N'1', N'KLN-ADMIN', N'2026-01-08 17:54:27');
INSERT INTO [Lbys].[PERSONEL] ([PERSONEL_KODU], [AD], [TC_KIMLIK_NUMARASI], [SOYADI], [CINSIYET], [UNVAN_KODU], [AKTIFLIK_BILGISI], [EKLEYEN_KULLANICI_KODU], [KAYIT_ZAMANI]) VALUES (N'PRS-035', N'Ayse', N'51031364324', N'Kaya', N'CNS-K', N'UNV-ASS', N'1', N'KLN-ADMIN', N'2026-01-08 17:54:27');
GO

-- KULLANICI (36 rows)
INSERT INTO [Lbys].[KULLANICI] ([KULLANICI_KODU], [KULLANICI_ADI], [AD], [SOYADI], [AKTIFLIK_BILGISI], [KAYIT_ZAMANI]) VALUES (N'KLN-ADMIN', N'admin', N'Admin', N'User', N'1', N'2026-01-08 17:54:27');
INSERT INTO [Lbys].[KULLANICI] ([KULLANICI_KODU], [PERSONEL_KODU], [KULLANICI_ADI], [AD], [SOYADI], [AKTIFLIK_BILGISI], [EKLEYEN_KULLANICI_KODU], [KAYIT_ZAMANI]) VALUES (N'KLN-001', N'PRS-001', N'onur.kilic', N'Onur', N'Kilic', N'1', N'KLN-ADMIN', N'2026-01-08 17:54:27');
INSERT INTO [Lbys].[KULLANICI] ([KULLANICI_KODU], [PERSONEL_KODU], [KULLANICI_ADI], [AD], [SOYADI], [AKTIFLIK_BILGISI], [EKLEYEN_KULLANICI_KODU], [KAYIT_ZAMANI]) VALUES (N'KLN-002', N'PRS-002', N'sibel.aslan', N'Sibel', N'Aslan', N'1', N'KLN-ADMIN', N'2026-01-08 17:54:27');
INSERT INTO [Lbys].[KULLANICI] ([KULLANICI_KODU], [PERSONEL_KODU], [KULLANICI_ADI], [AD], [SOYADI], [AKTIFLIK_BILGISI], [EKLEYEN_KULLANICI_KODU], [KAYIT_ZAMANI]) VALUES (N'KLN-003', N'PRS-003', N'cem.ozturk', N'Cem', N'Ozturk', N'1', N'KLN-ADMIN', N'2026-01-08 17:54:27');
INSERT INTO [Lbys].[KULLANICI] ([KULLANICI_KODU], [PERSONEL_KODU], [KULLANICI_ADI], [AD], [SOYADI], [AKTIFLIK_BILGISI], [EKLEYEN_KULLANICI_KODU], [KAYIT_ZAMANI]) VALUES (N'KLN-004', N'PRS-004', N'burak.arslan', N'Burak', N'Arslan', N'1', N'KLN-ADMIN', N'2026-01-08 17:54:27');
INSERT INTO [Lbys].[KULLANICI] ([KULLANICI_KODU], [PERSONEL_KODU], [KULLANICI_ADI], [AD], [SOYADI], [AKTIFLIK_BILGISI], [EKLEYEN_KULLANICI_KODU], [KAYIT_ZAMANI]) VALUES (N'KLN-005', N'PRS-005', N'zeynep.polat', N'Zeynep', N'Polat', N'1', N'KLN-ADMIN', N'2026-01-08 17:54:27');
INSERT INTO [Lbys].[KULLANICI] ([KULLANICI_KODU], [PERSONEL_KODU], [KULLANICI_ADI], [AD], [SOYADI], [AKTIFLIK_BILGISI], [EKLEYEN_KULLANICI_KODU], [KAYIT_ZAMANI]) VALUES (N'KLN-006', N'PRS-006', N'mustafa.aslan', N'Mustafa', N'Aslan', N'1', N'KLN-ADMIN', N'2026-01-08 17:54:27');
INSERT INTO [Lbys].[KULLANICI] ([KULLANICI_KODU], [PERSONEL_KODU], [KULLANICI_ADI], [AD], [SOYADI], [AKTIFLIK_BILGISI], [EKLEYEN_KULLANICI_KODU], [KAYIT_ZAMANI]) VALUES (N'KLN-007', N'PRS-007', N'sibel.arslan', N'Sibel', N'Arslan', N'1', N'KLN-ADMIN', N'2026-01-08 17:54:27');
INSERT INTO [Lbys].[KULLANICI] ([KULLANICI_KODU], [PERSONEL_KODU], [KULLANICI_ADI], [AD], [SOYADI], [AKTIFLIK_BILGISI], [EKLEYEN_KULLANICI_KODU], [KAYIT_ZAMANI]) VALUES (N'KLN-008', N'PRS-008', N'sibel.aydin', N'Sibel', N'Aydin', N'1', N'KLN-ADMIN', N'2026-01-08 17:54:27');
INSERT INTO [Lbys].[KULLANICI] ([KULLANICI_KODU], [PERSONEL_KODU], [KULLANICI_ADI], [AD], [SOYADI], [AKTIFLIK_BILGISI], [EKLEYEN_KULLANICI_KODU], [KAYIT_ZAMANI]) VALUES (N'KLN-009', N'PRS-009', N'cem.yilmaz', N'Cem', N'Yilmaz', N'1', N'KLN-ADMIN', N'2026-01-08 17:54:27');
INSERT INTO [Lbys].[KULLANICI] ([KULLANICI_KODU], [PERSONEL_KODU], [KULLANICI_ADI], [AD], [SOYADI], [AKTIFLIK_BILGISI], [EKLEYEN_KULLANICI_KODU], [KAYIT_ZAMANI]) VALUES (N'KLN-010', N'PRS-010', N'merve.demir', N'Merve', N'Demir', N'1', N'KLN-ADMIN', N'2026-01-08 17:54:27');
INSERT INTO [Lbys].[KULLANICI] ([KULLANICI_KODU], [PERSONEL_KODU], [KULLANICI_ADI], [AD], [SOYADI], [AKTIFLIK_BILGISI], [EKLEYEN_KULLANICI_KODU], [KAYIT_ZAMANI]) VALUES (N'KLN-011', N'PRS-011', N'ibrahim.yilmaz', N'Ibrahim', N'Yilmaz', N'1', N'KLN-ADMIN', N'2026-01-08 17:54:27');
INSERT INTO [Lbys].[KULLANICI] ([KULLANICI_KODU], [PERSONEL_KODU], [KULLANICI_ADI], [AD], [SOYADI], [AKTIFLIK_BILGISI], [EKLEYEN_KULLANICI_KODU], [KAYIT_ZAMANI]) VALUES (N'KLN-012', N'PRS-012', N'cem.celik', N'Cem', N'Celik', N'1', N'KLN-ADMIN', N'2026-01-08 17:54:27');
INSERT INTO [Lbys].[KULLANICI] ([KULLANICI_KODU], [PERSONEL_KODU], [KULLANICI_ADI], [AD], [SOYADI], [AKTIFLIK_BILGISI], [EKLEYEN_KULLANICI_KODU], [KAYIT_ZAMANI]) VALUES (N'KLN-013', N'PRS-013', N'elif.polat', N'Elif', N'Polat', N'1', N'KLN-ADMIN', N'2026-01-08 17:54:27');
INSERT INTO [Lbys].[KULLANICI] ([KULLANICI_KODU], [PERSONEL_KODU], [KULLANICI_ADI], [AD], [SOYADI], [AKTIFLIK_BILGISI], [EKLEYEN_KULLANICI_KODU], [KAYIT_ZAMANI]) VALUES (N'KLN-014', N'PRS-014', N'onur.yilmaz', N'Onur', N'Yilmaz', N'1', N'KLN-ADMIN', N'2026-01-08 17:54:27');
INSERT INTO [Lbys].[KULLANICI] ([KULLANICI_KODU], [PERSONEL_KODU], [KULLANICI_ADI], [AD], [SOYADI], [AKTIFLIK_BILGISI], [EKLEYEN_KULLANICI_KODU], [KAYIT_ZAMANI]) VALUES (N'KLN-015', N'PRS-015', N'sibel.yildirim', N'Sibel', N'Yildirim', N'1', N'KLN-ADMIN', N'2026-01-08 17:54:27');
INSERT INTO [Lbys].[KULLANICI] ([KULLANICI_KODU], [PERSONEL_KODU], [KULLANICI_ADI], [AD], [SOYADI], [AKTIFLIK_BILGISI], [EKLEYEN_KULLANICI_KODU], [KAYIT_ZAMANI]) VALUES (N'KLN-016', N'PRS-016', N'omer.polat', N'Omer', N'Polat', N'1', N'KLN-ADMIN', N'2026-01-08 17:54:27');
INSERT INTO [Lbys].[KULLANICI] ([KULLANICI_KODU], [PERSONEL_KODU], [KULLANICI_ADI], [AD], [SOYADI], [AKTIFLIK_BILGISI], [EKLEYEN_KULLANICI_KODU], [KAYIT_ZAMANI]) VALUES (N'KLN-017', N'PRS-017', N'emre.ozkan', N'Emre', N'Ozkan', N'1', N'KLN-ADMIN', N'2026-01-08 17:54:27');
INSERT INTO [Lbys].[KULLANICI] ([KULLANICI_KODU], [PERSONEL_KODU], [KULLANICI_ADI], [AD], [SOYADI], [AKTIFLIK_BILGISI], [EKLEYEN_KULLANICI_KODU], [KAYIT_ZAMANI]) VALUES (N'KLN-018', N'PRS-018', N'fatma.aslan', N'Fatma', N'Aslan', N'1', N'KLN-ADMIN', N'2026-01-08 17:54:27');
INSERT INTO [Lbys].[KULLANICI] ([KULLANICI_KODU], [PERSONEL_KODU], [KULLANICI_ADI], [AD], [SOYADI], [AKTIFLIK_BILGISI], [EKLEYEN_KULLANICI_KODU], [KAYIT_ZAMANI]) VALUES (N'KLN-019', N'PRS-019', N'esra.cetin', N'Esra', N'Cetin', N'1', N'KLN-ADMIN', N'2026-01-08 17:54:27');
INSERT INTO [Lbys].[KULLANICI] ([KULLANICI_KODU], [PERSONEL_KODU], [KULLANICI_ADI], [AD], [SOYADI], [AKTIFLIK_BILGISI], [EKLEYEN_KULLANICI_KODU], [KAYIT_ZAMANI]) VALUES (N'KLN-020', N'PRS-020', N'tolga.aydin', N'Tolga', N'Aydin', N'1', N'KLN-ADMIN', N'2026-01-08 17:54:27');
INSERT INTO [Lbys].[KULLANICI] ([KULLANICI_KODU], [PERSONEL_KODU], [KULLANICI_ADI], [AD], [SOYADI], [AKTIFLIK_BILGISI], [EKLEYEN_KULLANICI_KODU], [KAYIT_ZAMANI]) VALUES (N'KLN-021', N'PRS-021', N'gul.simsek', N'Gul', N'Simsek', N'1', N'KLN-ADMIN', N'2026-01-08 17:54:27');
INSERT INTO [Lbys].[KULLANICI] ([KULLANICI_KODU], [PERSONEL_KODU], [KULLANICI_ADI], [AD], [SOYADI], [AKTIFLIK_BILGISI], [EKLEYEN_KULLANICI_KODU], [KAYIT_ZAMANI]) VALUES (N'KLN-022', N'PRS-022', N'murat.cetin', N'Murat', N'Cetin', N'1', N'KLN-ADMIN', N'2026-01-08 17:54:27');
INSERT INTO [Lbys].[KULLANICI] ([KULLANICI_KODU], [PERSONEL_KODU], [KULLANICI_ADI], [AD], [SOYADI], [AKTIFLIK_BILGISI], [EKLEYEN_KULLANICI_KODU], [KAYIT_ZAMANI]) VALUES (N'KLN-023', N'PRS-023', N'derya.yilmaz', N'Derya', N'Yilmaz', N'1', N'KLN-ADMIN', N'2026-01-08 17:54:27');
INSERT INTO [Lbys].[KULLANICI] ([KULLANICI_KODU], [PERSONEL_KODU], [KULLANICI_ADI], [AD], [SOYADI], [AKTIFLIK_BILGISI], [EKLEYEN_KULLANICI_KODU], [KAYIT_ZAMANI]) VALUES (N'KLN-024', N'PRS-024', N'emre.aydin', N'Emre', N'Aydin', N'1', N'KLN-ADMIN', N'2026-01-08 17:54:27');
INSERT INTO [Lbys].[KULLANICI] ([KULLANICI_KODU], [PERSONEL_KODU], [KULLANICI_ADI], [AD], [SOYADI], [AKTIFLIK_BILGISI], [EKLEYEN_KULLANICI_KODU], [KAYIT_ZAMANI]) VALUES (N'KLN-025', N'PRS-025', N'pinar.yilmaz', N'Pinar', N'Yilmaz', N'1', N'KLN-ADMIN', N'2026-01-08 17:54:27');
INSERT INTO [Lbys].[KULLANICI] ([KULLANICI_KODU], [PERSONEL_KODU], [KULLANICI_ADI], [AD], [SOYADI], [AKTIFLIK_BILGISI], [EKLEYEN_KULLANICI_KODU], [KAYIT_ZAMANI]) VALUES (N'KLN-026', N'PRS-026', N'deniz.ozkan', N'Deniz', N'Ozkan', N'1', N'KLN-ADMIN', N'2026-01-08 17:54:27');
INSERT INTO [Lbys].[KULLANICI] ([KULLANICI_KODU], [PERSONEL_KODU], [KULLANICI_ADI], [AD], [SOYADI], [AKTIFLIK_BILGISI], [EKLEYEN_KULLANICI_KODU], [KAYIT_ZAMANI]) VALUES (N'KLN-027', N'PRS-027', N'nur.yilmaz', N'Nur', N'Yilmaz', N'1', N'KLN-ADMIN', N'2026-01-08 17:54:27');
INSERT INTO [Lbys].[KULLANICI] ([KULLANICI_KODU], [PERSONEL_KODU], [KULLANICI_ADI], [AD], [SOYADI], [AKTIFLIK_BILGISI], [EKLEYEN_KULLANICI_KODU], [KAYIT_ZAMANI]) VALUES (N'KLN-028', N'PRS-028', N'merve.ozdemir', N'Merve', N'Ozdemir', N'1', N'KLN-ADMIN', N'2026-01-08 17:54:27');
INSERT INTO [Lbys].[KULLANICI] ([KULLANICI_KODU], [PERSONEL_KODU], [KULLANICI_ADI], [AD], [SOYADI], [AKTIFLIK_BILGISI], [EKLEYEN_KULLANICI_KODU], [KAYIT_ZAMANI]) VALUES (N'KLN-029', N'PRS-029', N'pinar.kurt', N'Pinar', N'Kurt', N'1', N'KLN-ADMIN', N'2026-01-08 17:54:27');
INSERT INTO [Lbys].[KULLANICI] ([KULLANICI_KODU], [PERSONEL_KODU], [KULLANICI_ADI], [AD], [SOYADI], [AKTIFLIK_BILGISI], [EKLEYEN_KULLANICI_KODU], [KAYIT_ZAMANI]) VALUES (N'KLN-030', N'PRS-030', N'esra.cetin', N'Esra', N'Cetin', N'1', N'KLN-ADMIN', N'2026-01-08 17:54:27');
INSERT INTO [Lbys].[KULLANICI] ([KULLANICI_KODU], [PERSONEL_KODU], [KULLANICI_ADI], [AD], [SOYADI], [AKTIFLIK_BILGISI], [EKLEYEN_KULLANICI_KODU], [KAYIT_ZAMANI]) VALUES (N'KLN-031', N'PRS-031', N'ali.yildirim', N'Ali', N'Yildirim', N'1', N'KLN-ADMIN', N'2026-01-08 17:54:27');
INSERT INTO [Lbys].[KULLANICI] ([KULLANICI_KODU], [PERSONEL_KODU], [KULLANICI_ADI], [AD], [SOYADI], [AKTIFLIK_BILGISI], [EKLEYEN_KULLANICI_KODU], [KAYIT_ZAMANI]) VALUES (N'KLN-032', N'PRS-032', N'ibrahim.yildirim', N'Ibrahim', N'Yildirim', N'1', N'KLN-ADMIN', N'2026-01-08 17:54:27');
INSERT INTO [Lbys].[KULLANICI] ([KULLANICI_KODU], [PERSONEL_KODU], [KULLANICI_ADI], [AD], [SOYADI], [AKTIFLIK_BILGISI], [EKLEYEN_KULLANICI_KODU], [KAYIT_ZAMANI]) VALUES (N'KLN-033', N'PRS-033', N'hatice.yildirim', N'Hatice', N'Yildirim', N'1', N'KLN-ADMIN', N'2026-01-08 17:54:27');
INSERT INTO [Lbys].[KULLANICI] ([KULLANICI_KODU], [PERSONEL_KODU], [KULLANICI_ADI], [AD], [SOYADI], [AKTIFLIK_BILGISI], [EKLEYEN_KULLANICI_KODU], [KAYIT_ZAMANI]) VALUES (N'KLN-034', N'PRS-034', N'omer.yilmaz', N'Omer', N'Yilmaz', N'1', N'KLN-ADMIN', N'2026-01-08 17:54:27');
INSERT INTO [Lbys].[KULLANICI] ([KULLANICI_KODU], [PERSONEL_KODU], [KULLANICI_ADI], [AD], [SOYADI], [AKTIFLIK_BILGISI], [EKLEYEN_KULLANICI_KODU], [KAYIT_ZAMANI]) VALUES (N'KLN-035', N'PRS-035', N'ayse.kaya', N'Ayse', N'Kaya', N'1', N'KLN-ADMIN', N'2026-01-08 17:54:27');
GO

-- TETKIK (35 rows)
INSERT INTO [Lbys].[TETKIK] ([TETKIK_KODU], [TETKIK_ADI], [LOINC_KODU], [HIZMET_KODU], [IPTAL_DURUMU], [EKLEYEN_KULLANICI_KODU], [KAYIT_ZAMANI]) VALUES (N'TTK-HEM-001', N'Hemoglobin', N'718-7', N'HZM-TTK-001', N'0', N'KLN-ADMIN', N'2026-01-08 17:54:27');
INSERT INTO [Lbys].[TETKIK] ([TETKIK_KODU], [TETKIK_ADI], [LOINC_KODU], [HIZMET_KODU], [IPTAL_DURUMU], [EKLEYEN_KULLANICI_KODU], [KAYIT_ZAMANI]) VALUES (N'TTK-HEM-002', N'Hematokrit', N'4544-3', N'HZM-TTK-001', N'0', N'KLN-ADMIN', N'2026-01-08 17:54:27');
INSERT INTO [Lbys].[TETKIK] ([TETKIK_KODU], [TETKIK_ADI], [LOINC_KODU], [HIZMET_KODU], [IPTAL_DURUMU], [EKLEYEN_KULLANICI_KODU], [KAYIT_ZAMANI]) VALUES (N'TTK-HEM-003', N'Lokosit', N'6690-2', N'HZM-TTK-001', N'0', N'KLN-ADMIN', N'2026-01-08 17:54:27');
INSERT INTO [Lbys].[TETKIK] ([TETKIK_KODU], [TETKIK_ADI], [LOINC_KODU], [HIZMET_KODU], [IPTAL_DURUMU], [EKLEYEN_KULLANICI_KODU], [KAYIT_ZAMANI]) VALUES (N'TTK-HEM-004', N'Trombosit', N'777-3', N'HZM-TTK-001', N'0', N'KLN-ADMIN', N'2026-01-08 17:54:27');
INSERT INTO [Lbys].[TETKIK] ([TETKIK_KODU], [TETKIK_ADI], [LOINC_KODU], [HIZMET_KODU], [IPTAL_DURUMU], [EKLEYEN_KULLANICI_KODU], [KAYIT_ZAMANI]) VALUES (N'TTK-BYO-001', N'Glukoz', N'2345-7', N'HZM-TTK-001', N'0', N'KLN-ADMIN', N'2026-01-08 17:54:27');
INSERT INTO [Lbys].[TETKIK] ([TETKIK_KODU], [TETKIK_ADI], [LOINC_KODU], [HIZMET_KODU], [IPTAL_DURUMU], [EKLEYEN_KULLANICI_KODU], [KAYIT_ZAMANI]) VALUES (N'TTK-BYO-002', N'Ure', N'3094-0', N'HZM-TTK-001', N'0', N'KLN-ADMIN', N'2026-01-08 17:54:27');
INSERT INTO [Lbys].[TETKIK] ([TETKIK_KODU], [TETKIK_ADI], [LOINC_KODU], [HIZMET_KODU], [IPTAL_DURUMU], [EKLEYEN_KULLANICI_KODU], [KAYIT_ZAMANI]) VALUES (N'TTK-BYO-003', N'Kreatinin', N'2160-0', N'HZM-TTK-001', N'0', N'KLN-ADMIN', N'2026-01-08 17:54:27');
INSERT INTO [Lbys].[TETKIK] ([TETKIK_KODU], [TETKIK_ADI], [LOINC_KODU], [HIZMET_KODU], [IPTAL_DURUMU], [EKLEYEN_KULLANICI_KODU], [KAYIT_ZAMANI]) VALUES (N'TTK-BYO-004', N'AST', N'1920-8', N'HZM-TTK-001', N'0', N'KLN-ADMIN', N'2026-01-08 17:54:27');
INSERT INTO [Lbys].[TETKIK] ([TETKIK_KODU], [TETKIK_ADI], [LOINC_KODU], [HIZMET_KODU], [IPTAL_DURUMU], [EKLEYEN_KULLANICI_KODU], [KAYIT_ZAMANI]) VALUES (N'TTK-BYO-005', N'ALT', N'1742-6', N'HZM-TTK-001', N'0', N'KLN-ADMIN', N'2026-01-08 17:54:27');
INSERT INTO [Lbys].[TETKIK] ([TETKIK_KODU], [TETKIK_ADI], [LOINC_KODU], [HIZMET_KODU], [IPTAL_DURUMU], [EKLEYEN_KULLANICI_KODU], [KAYIT_ZAMANI]) VALUES (N'TTK-IDR-001', N'Idrar pH', N'2756-5', N'HZM-TTK-001', N'0', N'KLN-ADMIN', N'2026-01-08 17:54:27');
INSERT INTO [Lbys].[TETKIK] ([TETKIK_KODU], [TETKIK_ADI], [LOINC_KODU], [HIZMET_KODU], [IPTAL_DURUMU], [EKLEYEN_KULLANICI_KODU], [KAYIT_ZAMANI]) VALUES (N'TTK-011', N'Tetkik 11', N'LOINC-11', N'HZM-TTK-001', N'0', N'KLN-ADMIN', N'2026-01-08 17:54:27');
INSERT INTO [Lbys].[TETKIK] ([TETKIK_KODU], [TETKIK_ADI], [LOINC_KODU], [HIZMET_KODU], [IPTAL_DURUMU], [EKLEYEN_KULLANICI_KODU], [KAYIT_ZAMANI]) VALUES (N'TTK-012', N'Tetkik 12', N'LOINC-12', N'HZM-TTK-001', N'0', N'KLN-ADMIN', N'2026-01-08 17:54:27');
INSERT INTO [Lbys].[TETKIK] ([TETKIK_KODU], [TETKIK_ADI], [LOINC_KODU], [HIZMET_KODU], [IPTAL_DURUMU], [EKLEYEN_KULLANICI_KODU], [KAYIT_ZAMANI]) VALUES (N'TTK-013', N'Tetkik 13', N'LOINC-13', N'HZM-TTK-001', N'0', N'KLN-ADMIN', N'2026-01-08 17:54:27');
INSERT INTO [Lbys].[TETKIK] ([TETKIK_KODU], [TETKIK_ADI], [LOINC_KODU], [HIZMET_KODU], [IPTAL_DURUMU], [EKLEYEN_KULLANICI_KODU], [KAYIT_ZAMANI]) VALUES (N'TTK-014', N'Tetkik 14', N'LOINC-14', N'HZM-TTK-001', N'0', N'KLN-ADMIN', N'2026-01-08 17:54:27');
INSERT INTO [Lbys].[TETKIK] ([TETKIK_KODU], [TETKIK_ADI], [LOINC_KODU], [HIZMET_KODU], [IPTAL_DURUMU], [EKLEYEN_KULLANICI_KODU], [KAYIT_ZAMANI]) VALUES (N'TTK-015', N'Tetkik 15', N'LOINC-15', N'HZM-TTK-001', N'0', N'KLN-ADMIN', N'2026-01-08 17:54:27');
INSERT INTO [Lbys].[TETKIK] ([TETKIK_KODU], [TETKIK_ADI], [LOINC_KODU], [HIZMET_KODU], [IPTAL_DURUMU], [EKLEYEN_KULLANICI_KODU], [KAYIT_ZAMANI]) VALUES (N'TTK-016', N'Tetkik 16', N'LOINC-16', N'HZM-TTK-001', N'0', N'KLN-ADMIN', N'2026-01-08 17:54:27');
INSERT INTO [Lbys].[TETKIK] ([TETKIK_KODU], [TETKIK_ADI], [LOINC_KODU], [HIZMET_KODU], [IPTAL_DURUMU], [EKLEYEN_KULLANICI_KODU], [KAYIT_ZAMANI]) VALUES (N'TTK-017', N'Tetkik 17', N'LOINC-17', N'HZM-TTK-001', N'0', N'KLN-ADMIN', N'2026-01-08 17:54:27');
INSERT INTO [Lbys].[TETKIK] ([TETKIK_KODU], [TETKIK_ADI], [LOINC_KODU], [HIZMET_KODU], [IPTAL_DURUMU], [EKLEYEN_KULLANICI_KODU], [KAYIT_ZAMANI]) VALUES (N'TTK-018', N'Tetkik 18', N'LOINC-18', N'HZM-TTK-001', N'0', N'KLN-ADMIN', N'2026-01-08 17:54:27');
INSERT INTO [Lbys].[TETKIK] ([TETKIK_KODU], [TETKIK_ADI], [LOINC_KODU], [HIZMET_KODU], [IPTAL_DURUMU], [EKLEYEN_KULLANICI_KODU], [KAYIT_ZAMANI]) VALUES (N'TTK-019', N'Tetkik 19', N'LOINC-19', N'HZM-TTK-001', N'0', N'KLN-ADMIN', N'2026-01-08 17:54:27');
INSERT INTO [Lbys].[TETKIK] ([TETKIK_KODU], [TETKIK_ADI], [LOINC_KODU], [HIZMET_KODU], [IPTAL_DURUMU], [EKLEYEN_KULLANICI_KODU], [KAYIT_ZAMANI]) VALUES (N'TTK-020', N'Tetkik 20', N'LOINC-20', N'HZM-TTK-001', N'0', N'KLN-ADMIN', N'2026-01-08 17:54:27');
INSERT INTO [Lbys].[TETKIK] ([TETKIK_KODU], [TETKIK_ADI], [LOINC_KODU], [HIZMET_KODU], [IPTAL_DURUMU], [EKLEYEN_KULLANICI_KODU], [KAYIT_ZAMANI]) VALUES (N'TTK-021', N'Tetkik 21', N'LOINC-21', N'HZM-TTK-001', N'0', N'KLN-ADMIN', N'2026-01-08 17:54:27');
INSERT INTO [Lbys].[TETKIK] ([TETKIK_KODU], [TETKIK_ADI], [LOINC_KODU], [HIZMET_KODU], [IPTAL_DURUMU], [EKLEYEN_KULLANICI_KODU], [KAYIT_ZAMANI]) VALUES (N'TTK-022', N'Tetkik 22', N'LOINC-22', N'HZM-TTK-001', N'0', N'KLN-ADMIN', N'2026-01-08 17:54:27');
INSERT INTO [Lbys].[TETKIK] ([TETKIK_KODU], [TETKIK_ADI], [LOINC_KODU], [HIZMET_KODU], [IPTAL_DURUMU], [EKLEYEN_KULLANICI_KODU], [KAYIT_ZAMANI]) VALUES (N'TTK-023', N'Tetkik 23', N'LOINC-23', N'HZM-TTK-001', N'0', N'KLN-ADMIN', N'2026-01-08 17:54:27');
INSERT INTO [Lbys].[TETKIK] ([TETKIK_KODU], [TETKIK_ADI], [LOINC_KODU], [HIZMET_KODU], [IPTAL_DURUMU], [EKLEYEN_KULLANICI_KODU], [KAYIT_ZAMANI]) VALUES (N'TTK-024', N'Tetkik 24', N'LOINC-24', N'HZM-TTK-001', N'0', N'KLN-ADMIN', N'2026-01-08 17:54:27');
INSERT INTO [Lbys].[TETKIK] ([TETKIK_KODU], [TETKIK_ADI], [LOINC_KODU], [HIZMET_KODU], [IPTAL_DURUMU], [EKLEYEN_KULLANICI_KODU], [KAYIT_ZAMANI]) VALUES (N'TTK-025', N'Tetkik 25', N'LOINC-25', N'HZM-TTK-001', N'0', N'KLN-ADMIN', N'2026-01-08 17:54:27');
INSERT INTO [Lbys].[TETKIK] ([TETKIK_KODU], [TETKIK_ADI], [LOINC_KODU], [HIZMET_KODU], [IPTAL_DURUMU], [EKLEYEN_KULLANICI_KODU], [KAYIT_ZAMANI]) VALUES (N'TTK-026', N'Tetkik 26', N'LOINC-26', N'HZM-TTK-001', N'0', N'KLN-ADMIN', N'2026-01-08 17:54:27');
INSERT INTO [Lbys].[TETKIK] ([TETKIK_KODU], [TETKIK_ADI], [LOINC_KODU], [HIZMET_KODU], [IPTAL_DURUMU], [EKLEYEN_KULLANICI_KODU], [KAYIT_ZAMANI]) VALUES (N'TTK-027', N'Tetkik 27', N'LOINC-27', N'HZM-TTK-001', N'0', N'KLN-ADMIN', N'2026-01-08 17:54:27');
INSERT INTO [Lbys].[TETKIK] ([TETKIK_KODU], [TETKIK_ADI], [LOINC_KODU], [HIZMET_KODU], [IPTAL_DURUMU], [EKLEYEN_KULLANICI_KODU], [KAYIT_ZAMANI]) VALUES (N'TTK-028', N'Tetkik 28', N'LOINC-28', N'HZM-TTK-001', N'0', N'KLN-ADMIN', N'2026-01-08 17:54:27');
INSERT INTO [Lbys].[TETKIK] ([TETKIK_KODU], [TETKIK_ADI], [LOINC_KODU], [HIZMET_KODU], [IPTAL_DURUMU], [EKLEYEN_KULLANICI_KODU], [KAYIT_ZAMANI]) VALUES (N'TTK-029', N'Tetkik 29', N'LOINC-29', N'HZM-TTK-001', N'0', N'KLN-ADMIN', N'2026-01-08 17:54:27');
INSERT INTO [Lbys].[TETKIK] ([TETKIK_KODU], [TETKIK_ADI], [LOINC_KODU], [HIZMET_KODU], [IPTAL_DURUMU], [EKLEYEN_KULLANICI_KODU], [KAYIT_ZAMANI]) VALUES (N'TTK-030', N'Tetkik 30', N'LOINC-30', N'HZM-TTK-001', N'0', N'KLN-ADMIN', N'2026-01-08 17:54:27');
INSERT INTO [Lbys].[TETKIK] ([TETKIK_KODU], [TETKIK_ADI], [LOINC_KODU], [HIZMET_KODU], [IPTAL_DURUMU], [EKLEYEN_KULLANICI_KODU], [KAYIT_ZAMANI]) VALUES (N'TTK-031', N'Tetkik 31', N'LOINC-31', N'HZM-TTK-001', N'0', N'KLN-ADMIN', N'2026-01-08 17:54:27');
INSERT INTO [Lbys].[TETKIK] ([TETKIK_KODU], [TETKIK_ADI], [LOINC_KODU], [HIZMET_KODU], [IPTAL_DURUMU], [EKLEYEN_KULLANICI_KODU], [KAYIT_ZAMANI]) VALUES (N'TTK-032', N'Tetkik 32', N'LOINC-32', N'HZM-TTK-001', N'0', N'KLN-ADMIN', N'2026-01-08 17:54:27');
INSERT INTO [Lbys].[TETKIK] ([TETKIK_KODU], [TETKIK_ADI], [LOINC_KODU], [HIZMET_KODU], [IPTAL_DURUMU], [EKLEYEN_KULLANICI_KODU], [KAYIT_ZAMANI]) VALUES (N'TTK-033', N'Tetkik 33', N'LOINC-33', N'HZM-TTK-001', N'0', N'KLN-ADMIN', N'2026-01-08 17:54:27');
INSERT INTO [Lbys].[TETKIK] ([TETKIK_KODU], [TETKIK_ADI], [LOINC_KODU], [HIZMET_KODU], [IPTAL_DURUMU], [EKLEYEN_KULLANICI_KODU], [KAYIT_ZAMANI]) VALUES (N'TTK-034', N'Tetkik 34', N'LOINC-34', N'HZM-TTK-001', N'0', N'KLN-ADMIN', N'2026-01-08 17:54:27');
INSERT INTO [Lbys].[TETKIK] ([TETKIK_KODU], [TETKIK_ADI], [LOINC_KODU], [HIZMET_KODU], [IPTAL_DURUMU], [EKLEYEN_KULLANICI_KODU], [KAYIT_ZAMANI]) VALUES (N'TTK-035', N'Tetkik 35', N'LOINC-35', N'HZM-TTK-001', N'0', N'KLN-ADMIN', N'2026-01-08 17:54:27');
GO

-- TETKIK_PARAMETRE (35 rows)
INSERT INTO [Lbys].[TETKIK_PARAMETRE] ([TETKIK_PARAMETRE_KODU], [TETKIK_KODU], [TETKIK_PARAMETRE_ADI], [LOINC_KODU], [CIHAZ_KODU], [IPTAL_DURUMU], [EKLEYEN_KULLANICI_KODU], [KAYIT_ZAMANI]) VALUES (N'TPR-001', N'TTK-HEM-001', N'Hemoglobin Param', N'718-7', N'CHZ-001', N'0', N'KLN-ADMIN', N'2026-01-08 17:54:27');
INSERT INTO [Lbys].[TETKIK_PARAMETRE] ([TETKIK_PARAMETRE_KODU], [TETKIK_KODU], [TETKIK_PARAMETRE_ADI], [LOINC_KODU], [CIHAZ_KODU], [IPTAL_DURUMU], [EKLEYEN_KULLANICI_KODU], [KAYIT_ZAMANI]) VALUES (N'TPR-002', N'TTK-HEM-002', N'Hematokrit Param', N'4544-3', N'CHZ-002', N'0', N'KLN-ADMIN', N'2026-01-08 17:54:27');
INSERT INTO [Lbys].[TETKIK_PARAMETRE] ([TETKIK_PARAMETRE_KODU], [TETKIK_KODU], [TETKIK_PARAMETRE_ADI], [LOINC_KODU], [CIHAZ_KODU], [IPTAL_DURUMU], [EKLEYEN_KULLANICI_KODU], [KAYIT_ZAMANI]) VALUES (N'TPR-003', N'TTK-HEM-003', N'Lokosit Param', N'6690-2', N'CHZ-003', N'0', N'KLN-ADMIN', N'2026-01-08 17:54:27');
INSERT INTO [Lbys].[TETKIK_PARAMETRE] ([TETKIK_PARAMETRE_KODU], [TETKIK_KODU], [TETKIK_PARAMETRE_ADI], [LOINC_KODU], [CIHAZ_KODU], [IPTAL_DURUMU], [EKLEYEN_KULLANICI_KODU], [KAYIT_ZAMANI]) VALUES (N'TPR-004', N'TTK-HEM-004', N'Trombosit Param', N'777-3', N'CHZ-004', N'0', N'KLN-ADMIN', N'2026-01-08 17:54:27');
INSERT INTO [Lbys].[TETKIK_PARAMETRE] ([TETKIK_PARAMETRE_KODU], [TETKIK_KODU], [TETKIK_PARAMETRE_ADI], [LOINC_KODU], [CIHAZ_KODU], [IPTAL_DURUMU], [EKLEYEN_KULLANICI_KODU], [KAYIT_ZAMANI]) VALUES (N'TPR-005', N'TTK-BYO-001', N'Glukoz Param', N'2345-7', N'CHZ-005', N'0', N'KLN-ADMIN', N'2026-01-08 17:54:27');
INSERT INTO [Lbys].[TETKIK_PARAMETRE] ([TETKIK_PARAMETRE_KODU], [TETKIK_KODU], [TETKIK_PARAMETRE_ADI], [LOINC_KODU], [CIHAZ_KODU], [IPTAL_DURUMU], [EKLEYEN_KULLANICI_KODU], [KAYIT_ZAMANI]) VALUES (N'TPR-006', N'TTK-BYO-002', N'Ure Param', N'3094-0', N'CHZ-006', N'0', N'KLN-ADMIN', N'2026-01-08 17:54:27');
INSERT INTO [Lbys].[TETKIK_PARAMETRE] ([TETKIK_PARAMETRE_KODU], [TETKIK_KODU], [TETKIK_PARAMETRE_ADI], [LOINC_KODU], [CIHAZ_KODU], [IPTAL_DURUMU], [EKLEYEN_KULLANICI_KODU], [KAYIT_ZAMANI]) VALUES (N'TPR-007', N'TTK-BYO-003', N'Kreatinin Param', N'2160-0', N'CHZ-007', N'0', N'KLN-ADMIN', N'2026-01-08 17:54:27');
INSERT INTO [Lbys].[TETKIK_PARAMETRE] ([TETKIK_PARAMETRE_KODU], [TETKIK_KODU], [TETKIK_PARAMETRE_ADI], [LOINC_KODU], [CIHAZ_KODU], [IPTAL_DURUMU], [EKLEYEN_KULLANICI_KODU], [KAYIT_ZAMANI]) VALUES (N'TPR-008', N'TTK-BYO-004', N'AST Param', N'1920-8', N'CHZ-008', N'0', N'KLN-ADMIN', N'2026-01-08 17:54:27');
INSERT INTO [Lbys].[TETKIK_PARAMETRE] ([TETKIK_PARAMETRE_KODU], [TETKIK_KODU], [TETKIK_PARAMETRE_ADI], [LOINC_KODU], [CIHAZ_KODU], [IPTAL_DURUMU], [EKLEYEN_KULLANICI_KODU], [KAYIT_ZAMANI]) VALUES (N'TPR-009', N'TTK-BYO-005', N'ALT Param', N'1742-6', N'CHZ-009', N'0', N'KLN-ADMIN', N'2026-01-08 17:54:27');
INSERT INTO [Lbys].[TETKIK_PARAMETRE] ([TETKIK_PARAMETRE_KODU], [TETKIK_KODU], [TETKIK_PARAMETRE_ADI], [LOINC_KODU], [CIHAZ_KODU], [IPTAL_DURUMU], [EKLEYEN_KULLANICI_KODU], [KAYIT_ZAMANI]) VALUES (N'TPR-010', N'TTK-IDR-001', N'Idrar pH Param', N'2756-5', N'CHZ-010', N'0', N'KLN-ADMIN', N'2026-01-08 17:54:27');
INSERT INTO [Lbys].[TETKIK_PARAMETRE] ([TETKIK_PARAMETRE_KODU], [TETKIK_KODU], [TETKIK_PARAMETRE_ADI], [LOINC_KODU], [CIHAZ_KODU], [IPTAL_DURUMU], [EKLEYEN_KULLANICI_KODU], [KAYIT_ZAMANI]) VALUES (N'TPR-011', N'TTK-011', N'Tetkik 11 Param', N'LOINC-11', N'CHZ-011', N'0', N'KLN-ADMIN', N'2026-01-08 17:54:27');
INSERT INTO [Lbys].[TETKIK_PARAMETRE] ([TETKIK_PARAMETRE_KODU], [TETKIK_KODU], [TETKIK_PARAMETRE_ADI], [LOINC_KODU], [CIHAZ_KODU], [IPTAL_DURUMU], [EKLEYEN_KULLANICI_KODU], [KAYIT_ZAMANI]) VALUES (N'TPR-012', N'TTK-012', N'Tetkik 12 Param', N'LOINC-12', N'CHZ-012', N'0', N'KLN-ADMIN', N'2026-01-08 17:54:27');
INSERT INTO [Lbys].[TETKIK_PARAMETRE] ([TETKIK_PARAMETRE_KODU], [TETKIK_KODU], [TETKIK_PARAMETRE_ADI], [LOINC_KODU], [CIHAZ_KODU], [IPTAL_DURUMU], [EKLEYEN_KULLANICI_KODU], [KAYIT_ZAMANI]) VALUES (N'TPR-013', N'TTK-013', N'Tetkik 13 Param', N'LOINC-13', N'CHZ-013', N'0', N'KLN-ADMIN', N'2026-01-08 17:54:27');
INSERT INTO [Lbys].[TETKIK_PARAMETRE] ([TETKIK_PARAMETRE_KODU], [TETKIK_KODU], [TETKIK_PARAMETRE_ADI], [LOINC_KODU], [CIHAZ_KODU], [IPTAL_DURUMU], [EKLEYEN_KULLANICI_KODU], [KAYIT_ZAMANI]) VALUES (N'TPR-014', N'TTK-014', N'Tetkik 14 Param', N'LOINC-14', N'CHZ-014', N'0', N'KLN-ADMIN', N'2026-01-08 17:54:27');
INSERT INTO [Lbys].[TETKIK_PARAMETRE] ([TETKIK_PARAMETRE_KODU], [TETKIK_KODU], [TETKIK_PARAMETRE_ADI], [LOINC_KODU], [CIHAZ_KODU], [IPTAL_DURUMU], [EKLEYEN_KULLANICI_KODU], [KAYIT_ZAMANI]) VALUES (N'TPR-015', N'TTK-015', N'Tetkik 15 Param', N'LOINC-15', N'CHZ-015', N'0', N'KLN-ADMIN', N'2026-01-08 17:54:27');
INSERT INTO [Lbys].[TETKIK_PARAMETRE] ([TETKIK_PARAMETRE_KODU], [TETKIK_KODU], [TETKIK_PARAMETRE_ADI], [LOINC_KODU], [CIHAZ_KODU], [IPTAL_DURUMU], [EKLEYEN_KULLANICI_KODU], [KAYIT_ZAMANI]) VALUES (N'TPR-016', N'TTK-016', N'Tetkik 16 Param', N'LOINC-16', N'CHZ-016', N'0', N'KLN-ADMIN', N'2026-01-08 17:54:27');
INSERT INTO [Lbys].[TETKIK_PARAMETRE] ([TETKIK_PARAMETRE_KODU], [TETKIK_KODU], [TETKIK_PARAMETRE_ADI], [LOINC_KODU], [CIHAZ_KODU], [IPTAL_DURUMU], [EKLEYEN_KULLANICI_KODU], [KAYIT_ZAMANI]) VALUES (N'TPR-017', N'TTK-017', N'Tetkik 17 Param', N'LOINC-17', N'CHZ-017', N'0', N'KLN-ADMIN', N'2026-01-08 17:54:27');
INSERT INTO [Lbys].[TETKIK_PARAMETRE] ([TETKIK_PARAMETRE_KODU], [TETKIK_KODU], [TETKIK_PARAMETRE_ADI], [LOINC_KODU], [CIHAZ_KODU], [IPTAL_DURUMU], [EKLEYEN_KULLANICI_KODU], [KAYIT_ZAMANI]) VALUES (N'TPR-018', N'TTK-018', N'Tetkik 18 Param', N'LOINC-18', N'CHZ-018', N'0', N'KLN-ADMIN', N'2026-01-08 17:54:27');
INSERT INTO [Lbys].[TETKIK_PARAMETRE] ([TETKIK_PARAMETRE_KODU], [TETKIK_KODU], [TETKIK_PARAMETRE_ADI], [LOINC_KODU], [CIHAZ_KODU], [IPTAL_DURUMU], [EKLEYEN_KULLANICI_KODU], [KAYIT_ZAMANI]) VALUES (N'TPR-019', N'TTK-019', N'Tetkik 19 Param', N'LOINC-19', N'CHZ-019', N'0', N'KLN-ADMIN', N'2026-01-08 17:54:27');
INSERT INTO [Lbys].[TETKIK_PARAMETRE] ([TETKIK_PARAMETRE_KODU], [TETKIK_KODU], [TETKIK_PARAMETRE_ADI], [LOINC_KODU], [CIHAZ_KODU], [IPTAL_DURUMU], [EKLEYEN_KULLANICI_KODU], [KAYIT_ZAMANI]) VALUES (N'TPR-020', N'TTK-020', N'Tetkik 20 Param', N'LOINC-20', N'CHZ-020', N'0', N'KLN-ADMIN', N'2026-01-08 17:54:27');
INSERT INTO [Lbys].[TETKIK_PARAMETRE] ([TETKIK_PARAMETRE_KODU], [TETKIK_KODU], [TETKIK_PARAMETRE_ADI], [LOINC_KODU], [CIHAZ_KODU], [IPTAL_DURUMU], [EKLEYEN_KULLANICI_KODU], [KAYIT_ZAMANI]) VALUES (N'TPR-021', N'TTK-021', N'Tetkik 21 Param', N'LOINC-21', N'CHZ-021', N'0', N'KLN-ADMIN', N'2026-01-08 17:54:27');
INSERT INTO [Lbys].[TETKIK_PARAMETRE] ([TETKIK_PARAMETRE_KODU], [TETKIK_KODU], [TETKIK_PARAMETRE_ADI], [LOINC_KODU], [CIHAZ_KODU], [IPTAL_DURUMU], [EKLEYEN_KULLANICI_KODU], [KAYIT_ZAMANI]) VALUES (N'TPR-022', N'TTK-022', N'Tetkik 22 Param', N'LOINC-22', N'CHZ-022', N'0', N'KLN-ADMIN', N'2026-01-08 17:54:27');
INSERT INTO [Lbys].[TETKIK_PARAMETRE] ([TETKIK_PARAMETRE_KODU], [TETKIK_KODU], [TETKIK_PARAMETRE_ADI], [LOINC_KODU], [CIHAZ_KODU], [IPTAL_DURUMU], [EKLEYEN_KULLANICI_KODU], [KAYIT_ZAMANI]) VALUES (N'TPR-023', N'TTK-023', N'Tetkik 23 Param', N'LOINC-23', N'CHZ-023', N'0', N'KLN-ADMIN', N'2026-01-08 17:54:27');
INSERT INTO [Lbys].[TETKIK_PARAMETRE] ([TETKIK_PARAMETRE_KODU], [TETKIK_KODU], [TETKIK_PARAMETRE_ADI], [LOINC_KODU], [CIHAZ_KODU], [IPTAL_DURUMU], [EKLEYEN_KULLANICI_KODU], [KAYIT_ZAMANI]) VALUES (N'TPR-024', N'TTK-024', N'Tetkik 24 Param', N'LOINC-24', N'CHZ-024', N'0', N'KLN-ADMIN', N'2026-01-08 17:54:27');
INSERT INTO [Lbys].[TETKIK_PARAMETRE] ([TETKIK_PARAMETRE_KODU], [TETKIK_KODU], [TETKIK_PARAMETRE_ADI], [LOINC_KODU], [CIHAZ_KODU], [IPTAL_DURUMU], [EKLEYEN_KULLANICI_KODU], [KAYIT_ZAMANI]) VALUES (N'TPR-025', N'TTK-025', N'Tetkik 25 Param', N'LOINC-25', N'CHZ-025', N'0', N'KLN-ADMIN', N'2026-01-08 17:54:27');
INSERT INTO [Lbys].[TETKIK_PARAMETRE] ([TETKIK_PARAMETRE_KODU], [TETKIK_KODU], [TETKIK_PARAMETRE_ADI], [LOINC_KODU], [CIHAZ_KODU], [IPTAL_DURUMU], [EKLEYEN_KULLANICI_KODU], [KAYIT_ZAMANI]) VALUES (N'TPR-026', N'TTK-026', N'Tetkik 26 Param', N'LOINC-26', N'CHZ-026', N'0', N'KLN-ADMIN', N'2026-01-08 17:54:27');
INSERT INTO [Lbys].[TETKIK_PARAMETRE] ([TETKIK_PARAMETRE_KODU], [TETKIK_KODU], [TETKIK_PARAMETRE_ADI], [LOINC_KODU], [CIHAZ_KODU], [IPTAL_DURUMU], [EKLEYEN_KULLANICI_KODU], [KAYIT_ZAMANI]) VALUES (N'TPR-027', N'TTK-027', N'Tetkik 27 Param', N'LOINC-27', N'CHZ-027', N'0', N'KLN-ADMIN', N'2026-01-08 17:54:27');
INSERT INTO [Lbys].[TETKIK_PARAMETRE] ([TETKIK_PARAMETRE_KODU], [TETKIK_KODU], [TETKIK_PARAMETRE_ADI], [LOINC_KODU], [CIHAZ_KODU], [IPTAL_DURUMU], [EKLEYEN_KULLANICI_KODU], [KAYIT_ZAMANI]) VALUES (N'TPR-028', N'TTK-028', N'Tetkik 28 Param', N'LOINC-28', N'CHZ-028', N'0', N'KLN-ADMIN', N'2026-01-08 17:54:27');
INSERT INTO [Lbys].[TETKIK_PARAMETRE] ([TETKIK_PARAMETRE_KODU], [TETKIK_KODU], [TETKIK_PARAMETRE_ADI], [LOINC_KODU], [CIHAZ_KODU], [IPTAL_DURUMU], [EKLEYEN_KULLANICI_KODU], [KAYIT_ZAMANI]) VALUES (N'TPR-029', N'TTK-029', N'Tetkik 29 Param', N'LOINC-29', N'CHZ-029', N'0', N'KLN-ADMIN', N'2026-01-08 17:54:27');
INSERT INTO [Lbys].[TETKIK_PARAMETRE] ([TETKIK_PARAMETRE_KODU], [TETKIK_KODU], [TETKIK_PARAMETRE_ADI], [LOINC_KODU], [CIHAZ_KODU], [IPTAL_DURUMU], [EKLEYEN_KULLANICI_KODU], [KAYIT_ZAMANI]) VALUES (N'TPR-030', N'TTK-030', N'Tetkik 30 Param', N'LOINC-30', N'CHZ-030', N'0', N'KLN-ADMIN', N'2026-01-08 17:54:27');
INSERT INTO [Lbys].[TETKIK_PARAMETRE] ([TETKIK_PARAMETRE_KODU], [TETKIK_KODU], [TETKIK_PARAMETRE_ADI], [LOINC_KODU], [CIHAZ_KODU], [IPTAL_DURUMU], [EKLEYEN_KULLANICI_KODU], [KAYIT_ZAMANI]) VALUES (N'TPR-031', N'TTK-031', N'Tetkik 31 Param', N'LOINC-31', N'CHZ-031', N'0', N'KLN-ADMIN', N'2026-01-08 17:54:27');
INSERT INTO [Lbys].[TETKIK_PARAMETRE] ([TETKIK_PARAMETRE_KODU], [TETKIK_KODU], [TETKIK_PARAMETRE_ADI], [LOINC_KODU], [CIHAZ_KODU], [IPTAL_DURUMU], [EKLEYEN_KULLANICI_KODU], [KAYIT_ZAMANI]) VALUES (N'TPR-032', N'TTK-032', N'Tetkik 32 Param', N'LOINC-32', N'CHZ-032', N'0', N'KLN-ADMIN', N'2026-01-08 17:54:27');
INSERT INTO [Lbys].[TETKIK_PARAMETRE] ([TETKIK_PARAMETRE_KODU], [TETKIK_KODU], [TETKIK_PARAMETRE_ADI], [LOINC_KODU], [CIHAZ_KODU], [IPTAL_DURUMU], [EKLEYEN_KULLANICI_KODU], [KAYIT_ZAMANI]) VALUES (N'TPR-033', N'TTK-033', N'Tetkik 33 Param', N'LOINC-33', N'CHZ-033', N'0', N'KLN-ADMIN', N'2026-01-08 17:54:27');
INSERT INTO [Lbys].[TETKIK_PARAMETRE] ([TETKIK_PARAMETRE_KODU], [TETKIK_KODU], [TETKIK_PARAMETRE_ADI], [LOINC_KODU], [CIHAZ_KODU], [IPTAL_DURUMU], [EKLEYEN_KULLANICI_KODU], [KAYIT_ZAMANI]) VALUES (N'TPR-034', N'TTK-034', N'Tetkik 34 Param', N'LOINC-34', N'CHZ-034', N'0', N'KLN-ADMIN', N'2026-01-08 17:54:27');
INSERT INTO [Lbys].[TETKIK_PARAMETRE] ([TETKIK_PARAMETRE_KODU], [TETKIK_KODU], [TETKIK_PARAMETRE_ADI], [LOINC_KODU], [CIHAZ_KODU], [IPTAL_DURUMU], [EKLEYEN_KULLANICI_KODU], [KAYIT_ZAMANI]) VALUES (N'TPR-035', N'TTK-035', N'Tetkik 35 Param', N'LOINC-35', N'CHZ-035', N'0', N'KLN-ADMIN', N'2026-01-08 17:54:27');
GO

-- HASTA (35 rows)
INSERT INTO [Lbys].[HASTA] ([HASTA_KODU], [AD], [TC_KIMLIK_NUMARASI], [SOYADI], [CINSIYET], [DOGUM_TARIHI], [DOGUM_YERI], [BABA_ADI], [ANNE_ADI], [UYRUK], [KAN_GRUBU], [MEDENI_HALI], [EKLEYEN_KULLANICI_KODU], [KAYIT_ZAMANI]) VALUES (N'HST-00001', N'Hatice', N'75645737553', N'Yilmaz', N'CNS-K', N'1974-07-10', N'Gaziantep', N'Kemal', N'Derya', N'TC', N'KAN-B+', N'MDN-BKR', N'KLN-ADMIN', N'2026-01-08 17:54:27');
INSERT INTO [Lbys].[HASTA] ([HASTA_KODU], [AD], [TC_KIMLIK_NUMARASI], [SOYADI], [CINSIYET], [DOGUM_TARIHI], [DOGUM_YERI], [BABA_ADI], [ANNE_ADI], [UYRUK], [KAN_GRUBU], [MEDENI_HALI], [EKLEYEN_KULLANICI_KODU], [KAYIT_ZAMANI]) VALUES (N'HST-00002', N'Deniz', N'61820255459', N'Celik', N'CNS-K', N'1952-04-07', N'Gaziantep', N'Mustafa', N'Asli', N'TC', N'KAN-A+', N'MDN-EVL', N'KLN-ADMIN', N'2026-01-08 17:54:27');
INSERT INTO [Lbys].[HASTA] ([HASTA_KODU], [AD], [TC_KIMLIK_NUMARASI], [SOYADI], [CINSIYET], [DOGUM_TARIHI], [DOGUM_YERI], [BABA_ADI], [ANNE_ADI], [UYRUK], [KAN_GRUBU], [MEDENI_HALI], [EKLEYEN_KULLANICI_KODU], [KAYIT_ZAMANI]) VALUES (N'HST-00003', N'Onur', N'44333616916', N'Ozdemir', N'CNS-E', N'2018-05-19', N'Ankara', N'Serkan', N'Gul', N'TC', N'KAN-B-', N'MDN-DUL', N'KLN-ADMIN', N'2026-01-08 17:54:27');
INSERT INTO [Lbys].[HASTA] ([HASTA_KODU], [AD], [TC_KIMLIK_NUMARASI], [SOYADI], [CINSIYET], [DOGUM_TARIHI], [DOGUM_YERI], [BABA_ADI], [ANNE_ADI], [UYRUK], [KAN_GRUBU], [MEDENI_HALI], [EKLEYEN_KULLANICI_KODU], [KAYIT_ZAMANI]) VALUES (N'HST-00004', N'Nur', N'50496515783', N'Ozdemir', N'CNS-K', N'1948-11-08', N'Diyarbakir', N'Baris', N'Ayse', N'TC', N'KAN-A-', N'MDN-EVL', N'KLN-ADMIN', N'2026-01-08 17:54:27');
INSERT INTO [Lbys].[HASTA] ([HASTA_KODU], [AD], [TC_KIMLIK_NUMARASI], [SOYADI], [CINSIYET], [DOGUM_TARIHI], [DOGUM_YERI], [BABA_ADI], [ANNE_ADI], [UYRUK], [KAN_GRUBU], [MEDENI_HALI], [EKLEYEN_KULLANICI_KODU], [KAYIT_ZAMANI]) VALUES (N'HST-00005', N'Murat', N'32505049577', N'Demir', N'CNS-E', N'2011-12-07', N'Mersin', N'Mustafa', N'Elif', N'TC', N'KAN-A+', N'MDN-DUL', N'KLN-ADMIN', N'2026-01-08 17:54:27');
INSERT INTO [Lbys].[HASTA] ([HASTA_KODU], [AD], [TC_KIMLIK_NUMARASI], [SOYADI], [CINSIYET], [DOGUM_TARIHI], [DOGUM_YERI], [BABA_ADI], [ANNE_ADI], [UYRUK], [KAN_GRUBU], [MEDENI_HALI], [EKLEYEN_KULLANICI_KODU], [KAYIT_ZAMANI]) VALUES (N'HST-00006', N'Ceren', N'40204958203', N'Koc', N'CNS-K', N'1999-11-23', N'Antalya', N'Omer', N'Nur', N'TC', N'KAN-A-', N'MDN-EVL', N'KLN-ADMIN', N'2026-01-08 17:54:27');
INSERT INTO [Lbys].[HASTA] ([HASTA_KODU], [AD], [TC_KIMLIK_NUMARASI], [SOYADI], [CINSIYET], [DOGUM_TARIHI], [DOGUM_YERI], [BABA_ADI], [ANNE_ADI], [UYRUK], [KAN_GRUBU], [MEDENI_HALI], [EKLEYEN_KULLANICI_KODU], [KAYIT_ZAMANI]) VALUES (N'HST-00007', N'Asli', N'83507404483', N'Yildirim', N'CNS-K', N'1987-11-19', N'Bursa', N'Huseyin', N'Busra', N'TC', N'KAN-B+', N'MDN-BKR', N'KLN-ADMIN', N'2026-01-08 17:54:27');
INSERT INTO [Lbys].[HASTA] ([HASTA_KODU], [AD], [TC_KIMLIK_NUMARASI], [SOYADI], [CINSIYET], [DOGUM_TARIHI], [DOGUM_YERI], [BABA_ADI], [ANNE_ADI], [UYRUK], [KAN_GRUBU], [MEDENI_HALI], [EKLEYEN_KULLANICI_KODU], [KAYIT_ZAMANI]) VALUES (N'HST-00008', N'Hasan', N'71369115197', N'Ozdemir', N'CNS-E', N'1972-08-21', N'Ankara', N'Kemal', N'Seda', N'TC', N'KAN-0+', N'MDN-BOS', N'KLN-ADMIN', N'2026-01-08 17:54:27');
INSERT INTO [Lbys].[HASTA] ([HASTA_KODU], [AD], [TC_KIMLIK_NUMARASI], [SOYADI], [CINSIYET], [DOGUM_TARIHI], [DOGUM_YERI], [BABA_ADI], [ANNE_ADI], [UYRUK], [KAN_GRUBU], [MEDENI_HALI], [EKLEYEN_KULLANICI_KODU], [KAYIT_ZAMANI]) VALUES (N'HST-00009', N'Nur', N'92988739271', N'Demir', N'CNS-K', N'1972-05-15', N'Antalya', N'Ahmet', N'Emine', N'TC', N'KAN-B-', N'MDN-BKR', N'KLN-ADMIN', N'2026-01-08 17:54:27');
INSERT INTO [Lbys].[HASTA] ([HASTA_KODU], [AD], [TC_KIMLIK_NUMARASI], [SOYADI], [CINSIYET], [DOGUM_TARIHI], [DOGUM_YERI], [BABA_ADI], [ANNE_ADI], [UYRUK], [KAN_GRUBU], [MEDENI_HALI], [EKLEYEN_KULLANICI_KODU], [KAYIT_ZAMANI]) VALUES (N'HST-00010', N'Asli', N'34722986380', N'Kaya', N'CNS-K', N'1957-07-24', N'Gaziantep', N'Tolga', N'Nur', N'TC', N'KAN-AB+', N'MDN-EVL', N'KLN-ADMIN', N'2026-01-08 17:54:27');
INSERT INTO [Lbys].[HASTA] ([HASTA_KODU], [AD], [TC_KIMLIK_NUMARASI], [SOYADI], [CINSIYET], [DOGUM_TARIHI], [DOGUM_YERI], [BABA_ADI], [ANNE_ADI], [UYRUK], [KAN_GRUBU], [MEDENI_HALI], [EKLEYEN_KULLANICI_KODU], [KAYIT_ZAMANI]) VALUES (N'HST-00011', N'Deniz', N'67329056211', N'Demir', N'CNS-K', N'1983-11-09', N'Adana', N'Fatih', N'Hatice', N'TC', N'KAN-B+', N'MDN-BOS', N'KLN-ADMIN', N'2026-01-08 17:54:27');
INSERT INTO [Lbys].[HASTA] ([HASTA_KODU], [AD], [TC_KIMLIK_NUMARASI], [SOYADI], [CINSIYET], [DOGUM_TARIHI], [DOGUM_YERI], [BABA_ADI], [ANNE_ADI], [UYRUK], [KAN_GRUBU], [MEDENI_HALI], [EKLEYEN_KULLANICI_KODU], [KAYIT_ZAMANI]) VALUES (N'HST-00012', N'Deniz', N'65599182910', N'Ozdemir', N'CNS-K', N'1966-07-31', N'Mersin', N'Mehmet', N'Nur', N'TC', N'KAN-A-', N'MDN-BOS', N'KLN-ADMIN', N'2026-01-08 17:54:27');
INSERT INTO [Lbys].[HASTA] ([HASTA_KODU], [AD], [TC_KIMLIK_NUMARASI], [SOYADI], [CINSIYET], [DOGUM_TARIHI], [DOGUM_YERI], [BABA_ADI], [ANNE_ADI], [UYRUK], [KAN_GRUBU], [MEDENI_HALI], [EKLEYEN_KULLANICI_KODU], [KAYIT_ZAMANI]) VALUES (N'HST-00013', N'Derya', N'14243939720', N'Celik', N'CNS-K', N'1956-09-18', N'Mersin', N'Kemal', N'Gul', N'TC', N'KAN-A+', N'MDN-EVL', N'KLN-ADMIN', N'2026-01-08 17:54:27');
INSERT INTO [Lbys].[HASTA] ([HASTA_KODU], [AD], [TC_KIMLIK_NUMARASI], [SOYADI], [CINSIYET], [DOGUM_TARIHI], [DOGUM_YERI], [BABA_ADI], [ANNE_ADI], [UYRUK], [KAN_GRUBU], [MEDENI_HALI], [EKLEYEN_KULLANICI_KODU], [KAYIT_ZAMANI]) VALUES (N'HST-00014', N'Ceren', N'35991474684', N'Koc', N'CNS-K', N'1969-11-30', N'Antalya', N'Serkan', N'Zeynep', N'TC', N'KAN-AB+', N'MDN-DUL', N'KLN-ADMIN', N'2026-01-08 17:54:27');
INSERT INTO [Lbys].[HASTA] ([HASTA_KODU], [AD], [TC_KIMLIK_NUMARASI], [SOYADI], [CINSIYET], [DOGUM_TARIHI], [DOGUM_YERI], [BABA_ADI], [ANNE_ADI], [UYRUK], [KAN_GRUBU], [MEDENI_HALI], [EKLEYEN_KULLANICI_KODU], [KAYIT_ZAMANI]) VALUES (N'HST-00015', N'Hatice', N'49334934709', N'Yilmaz', N'CNS-K', N'1969-07-02', N'Mersin', N'Ahmet', N'Pinar', N'TC', N'KAN-0+', N'MDN-BKR', N'KLN-ADMIN', N'2026-01-08 17:54:27');
INSERT INTO [Lbys].[HASTA] ([HASTA_KODU], [AD], [TC_KIMLIK_NUMARASI], [SOYADI], [CINSIYET], [DOGUM_TARIHI], [DOGUM_YERI], [BABA_ADI], [ANNE_ADI], [UYRUK], [KAN_GRUBU], [MEDENI_HALI], [EKLEYEN_KULLANICI_KODU], [KAYIT_ZAMANI]) VALUES (N'HST-00016', N'Ali', N'75085810382', N'Cetin', N'CNS-E', N'2015-06-26', N'Antalya', N'Tolga', N'Busra', N'TC', N'KAN-0+', N'MDN-DUL', N'KLN-ADMIN', N'2026-01-08 17:54:27');
INSERT INTO [Lbys].[HASTA] ([HASTA_KODU], [AD], [TC_KIMLIK_NUMARASI], [SOYADI], [CINSIYET], [DOGUM_TARIHI], [DOGUM_YERI], [BABA_ADI], [ANNE_ADI], [UYRUK], [KAN_GRUBU], [MEDENI_HALI], [EKLEYEN_KULLANICI_KODU], [KAYIT_ZAMANI]) VALUES (N'HST-00017', N'Merve', N'62160840065', N'Cetin', N'CNS-K', N'1976-07-26', N'Bursa', N'Baris', N'Ozge', N'TC', N'KAN-B+', N'MDN-BKR', N'KLN-ADMIN', N'2026-01-08 17:54:27');
INSERT INTO [Lbys].[HASTA] ([HASTA_KODU], [AD], [TC_KIMLIK_NUMARASI], [SOYADI], [CINSIYET], [DOGUM_TARIHI], [DOGUM_YERI], [BABA_ADI], [ANNE_ADI], [UYRUK], [KAN_GRUBU], [MEDENI_HALI], [EKLEYEN_KULLANICI_KODU], [KAYIT_ZAMANI]) VALUES (N'HST-00018', N'Gul', N'46540455091', N'Arslan', N'CNS-K', N'1955-05-10', N'Istanbul', N'Omer', N'Seda', N'TC', N'KAN-0-', N'MDN-EVL', N'KLN-ADMIN', N'2026-01-08 17:54:27');
INSERT INTO [Lbys].[HASTA] ([HASTA_KODU], [AD], [TC_KIMLIK_NUMARASI], [SOYADI], [CINSIYET], [DOGUM_TARIHI], [DOGUM_YERI], [BABA_ADI], [ANNE_ADI], [UYRUK], [KAN_GRUBU], [MEDENI_HALI], [EKLEYEN_KULLANICI_KODU], [KAYIT_ZAMANI]) VALUES (N'HST-00019', N'Pinar', N'84442262762', N'Koc', N'CNS-K', N'1995-01-22', N'Mersin', N'Burak', N'Nur', N'TC', N'KAN-AB-', N'MDN-EVL', N'KLN-ADMIN', N'2026-01-08 17:54:27');
INSERT INTO [Lbys].[HASTA] ([HASTA_KODU], [AD], [TC_KIMLIK_NUMARASI], [SOYADI], [CINSIYET], [DOGUM_TARIHI], [DOGUM_YERI], [BABA_ADI], [ANNE_ADI], [UYRUK], [KAN_GRUBU], [MEDENI_HALI], [EKLEYEN_KULLANICI_KODU], [KAYIT_ZAMANI]) VALUES (N'HST-00020', N'Onur', N'16059232914', N'Kilic', N'CNS-E', N'2005-01-25', N'Adana', N'Cem', N'Sibel', N'TC', N'KAN-0+', N'MDN-EVL', N'KLN-ADMIN', N'2026-01-08 17:54:27');
INSERT INTO [Lbys].[HASTA] ([HASTA_KODU], [AD], [TC_KIMLIK_NUMARASI], [SOYADI], [CINSIYET], [DOGUM_TARIHI], [DOGUM_YERI], [BABA_ADI], [ANNE_ADI], [UYRUK], [KAN_GRUBU], [MEDENI_HALI], [EKLEYEN_KULLANICI_KODU], [KAYIT_ZAMANI]) VALUES (N'HST-00021', N'Ayse', N'91455573435', N'Sahin', N'CNS-K', N'1980-12-16', N'Adana', N'Ali', N'Nur', N'TC', N'KAN-A-', N'MDN-DUL', N'KLN-ADMIN', N'2026-01-08 17:54:27');
INSERT INTO [Lbys].[HASTA] ([HASTA_KODU], [AD], [TC_KIMLIK_NUMARASI], [SOYADI], [CINSIYET], [DOGUM_TARIHI], [DOGUM_YERI], [BABA_ADI], [ANNE_ADI], [UYRUK], [KAN_GRUBU], [MEDENI_HALI], [EKLEYEN_KULLANICI_KODU], [KAYIT_ZAMANI]) VALUES (N'HST-00022', N'Huseyin', N'19252910991', N'Aslan', N'CNS-E', N'1947-11-21', N'Gaziantep', N'Murat', N'Derya', N'TC', N'KAN-0+', N'MDN-BKR', N'KLN-ADMIN', N'2026-01-08 17:54:27');
INSERT INTO [Lbys].[HASTA] ([HASTA_KODU], [AD], [TC_KIMLIK_NUMARASI], [SOYADI], [CINSIYET], [DOGUM_TARIHI], [DOGUM_YERI], [BABA_ADI], [ANNE_ADI], [UYRUK], [KAN_GRUBU], [MEDENI_HALI], [EKLEYEN_KULLANICI_KODU], [KAYIT_ZAMANI]) VALUES (N'HST-00023', N'Pinar', N'16618613389', N'Kilic', N'CNS-K', N'1997-08-12', N'Diyarbakir', N'Mustafa', N'Merve', N'TC', N'KAN-AB+', N'MDN-EVL', N'KLN-ADMIN', N'2026-01-08 17:54:27');
INSERT INTO [Lbys].[HASTA] ([HASTA_KODU], [AD], [TC_KIMLIK_NUMARASI], [SOYADI], [CINSIYET], [DOGUM_TARIHI], [DOGUM_YERI], [BABA_ADI], [ANNE_ADI], [UYRUK], [KAN_GRUBU], [MEDENI_HALI], [EKLEYEN_KULLANICI_KODU], [KAYIT_ZAMANI]) VALUES (N'HST-00024', N'Yusuf', N'26632601180', N'Celik', N'CNS-E', N'1957-10-22', N'Gaziantep', N'Hasan', N'Seda', N'TC', N'KAN-A+', N'MDN-BKR', N'KLN-ADMIN', N'2026-01-08 17:54:27');
INSERT INTO [Lbys].[HASTA] ([HASTA_KODU], [AD], [TC_KIMLIK_NUMARASI], [SOYADI], [CINSIYET], [DOGUM_TARIHI], [DOGUM_YERI], [BABA_ADI], [ANNE_ADI], [UYRUK], [KAN_GRUBU], [MEDENI_HALI], [EKLEYEN_KULLANICI_KODU], [KAYIT_ZAMANI]) VALUES (N'HST-00025', N'Ayse', N'67444505066', N'Ozdemir', N'CNS-K', N'1993-11-11', N'Izmir', N'Osman', N'Ozge', N'TC', N'KAN-0+', N'MDN-EVL', N'KLN-ADMIN', N'2026-01-08 17:54:27');
INSERT INTO [Lbys].[HASTA] ([HASTA_KODU], [AD], [TC_KIMLIK_NUMARASI], [SOYADI], [CINSIYET], [DOGUM_TARIHI], [DOGUM_YERI], [BABA_ADI], [ANNE_ADI], [UYRUK], [KAN_GRUBU], [MEDENI_HALI], [EKLEYEN_KULLANICI_KODU], [KAYIT_ZAMANI]) VALUES (N'HST-00026', N'Hasan', N'65279835151', N'Demir', N'CNS-E', N'1971-05-06', N'Diyarbakir', N'Osman', N'Deniz', N'TC', N'KAN-B+', N'MDN-EVL', N'KLN-ADMIN', N'2026-01-08 17:54:27');
INSERT INTO [Lbys].[HASTA] ([HASTA_KODU], [AD], [TC_KIMLIK_NUMARASI], [SOYADI], [CINSIYET], [DOGUM_TARIHI], [DOGUM_YERI], [BABA_ADI], [ANNE_ADI], [UYRUK], [KAN_GRUBU], [MEDENI_HALI], [EKLEYEN_KULLANICI_KODU], [KAYIT_ZAMANI]) VALUES (N'HST-00027', N'Busra', N'12864059081', N'Cetin', N'CNS-K', N'2003-02-12', N'Gaziantep', N'Omer', N'Pinar', N'TC', N'KAN-B+', N'MDN-BKR', N'KLN-ADMIN', N'2026-01-08 17:54:27');
INSERT INTO [Lbys].[HASTA] ([HASTA_KODU], [AD], [TC_KIMLIK_NUMARASI], [SOYADI], [CINSIYET], [DOGUM_TARIHI], [DOGUM_YERI], [BABA_ADI], [ANNE_ADI], [UYRUK], [KAN_GRUBU], [MEDENI_HALI], [EKLEYEN_KULLANICI_KODU], [KAYIT_ZAMANI]) VALUES (N'HST-00028', N'Esra', N'71203705842', N'Simsek', N'CNS-K', N'1999-03-09', N'Antalya', N'Ibrahim', N'Sibel', N'TC', N'KAN-0-', N'MDN-BKR', N'KLN-ADMIN', N'2026-01-08 17:54:27');
INSERT INTO [Lbys].[HASTA] ([HASTA_KODU], [AD], [TC_KIMLIK_NUMARASI], [SOYADI], [CINSIYET], [DOGUM_TARIHI], [DOGUM_YERI], [BABA_ADI], [ANNE_ADI], [UYRUK], [KAN_GRUBU], [MEDENI_HALI], [EKLEYEN_KULLANICI_KODU], [KAYIT_ZAMANI]) VALUES (N'HST-00029', N'Burak', N'51123504125', N'Simsek', N'CNS-E', N'1993-10-26', N'Antalya', N'Ahmet', N'Sibel', N'TC', N'KAN-AB+', N'MDN-BKR', N'KLN-ADMIN', N'2026-01-08 17:54:27');
INSERT INTO [Lbys].[HASTA] ([HASTA_KODU], [AD], [TC_KIMLIK_NUMARASI], [SOYADI], [CINSIYET], [DOGUM_TARIHI], [DOGUM_YERI], [BABA_ADI], [ANNE_ADI], [UYRUK], [KAN_GRUBU], [MEDENI_HALI], [EKLEYEN_KULLANICI_KODU], [KAYIT_ZAMANI]) VALUES (N'HST-00030', N'Baris', N'43495849178', N'Koc', N'CNS-E', N'1951-04-22', N'Diyarbakir', N'Emre', N'Merve', N'TC', N'KAN-B-', N'MDN-BOS', N'KLN-ADMIN', N'2026-01-08 17:54:27');
INSERT INTO [Lbys].[HASTA] ([HASTA_KODU], [AD], [TC_KIMLIK_NUMARASI], [SOYADI], [CINSIYET], [DOGUM_TARIHI], [DOGUM_YERI], [BABA_ADI], [ANNE_ADI], [UYRUK], [KAN_GRUBU], [MEDENI_HALI], [EKLEYEN_KULLANICI_KODU], [KAYIT_ZAMANI]) VALUES (N'HST-00031', N'Ali', N'73516598388', N'Kaya', N'CNS-E', N'1998-04-22', N'Istanbul', N'Onur', N'Esra', N'TC', N'KAN-B+', N'MDN-BKR', N'KLN-ADMIN', N'2026-01-08 17:54:27');
INSERT INTO [Lbys].[HASTA] ([HASTA_KODU], [AD], [TC_KIMLIK_NUMARASI], [SOYADI], [CINSIYET], [DOGUM_TARIHI], [DOGUM_YERI], [BABA_ADI], [ANNE_ADI], [UYRUK], [KAN_GRUBU], [MEDENI_HALI], [EKLEYEN_KULLANICI_KODU], [KAYIT_ZAMANI]) VALUES (N'HST-00032', N'Derya', N'28042276277', N'Aslan', N'CNS-K', N'2010-04-07', N'Mersin', N'Emre', N'Ozge', N'TC', N'KAN-AB+', N'MDN-EVL', N'KLN-ADMIN', N'2026-01-08 17:54:27');
INSERT INTO [Lbys].[HASTA] ([HASTA_KODU], [AD], [TC_KIMLIK_NUMARASI], [SOYADI], [CINSIYET], [DOGUM_TARIHI], [DOGUM_YERI], [BABA_ADI], [ANNE_ADI], [UYRUK], [KAN_GRUBU], [MEDENI_HALI], [EKLEYEN_KULLANICI_KODU], [KAYIT_ZAMANI]) VALUES (N'HST-00033', N'Deniz', N'56687999440', N'Ozdemir', N'CNS-K', N'1959-01-17', N'Ankara', N'Kemal', N'Emine', N'TC', N'KAN-B+', N'MDN-EVL', N'KLN-ADMIN', N'2026-01-08 17:54:27');
INSERT INTO [Lbys].[HASTA] ([HASTA_KODU], [AD], [TC_KIMLIK_NUMARASI], [SOYADI], [CINSIYET], [DOGUM_TARIHI], [DOGUM_YERI], [BABA_ADI], [ANNE_ADI], [UYRUK], [KAN_GRUBU], [MEDENI_HALI], [EKLEYEN_KULLANICI_KODU], [KAYIT_ZAMANI]) VALUES (N'HST-00034', N'Pinar', N'64935560740', N'Dogan', N'CNS-K', N'2017-12-02', N'Istanbul', N'Murat', N'Pinar', N'TC', N'KAN-A-', N'MDN-DUL', N'KLN-ADMIN', N'2026-01-08 17:54:27');
INSERT INTO [Lbys].[HASTA] ([HASTA_KODU], [AD], [TC_KIMLIK_NUMARASI], [SOYADI], [CINSIYET], [DOGUM_TARIHI], [DOGUM_YERI], [BABA_ADI], [ANNE_ADI], [UYRUK], [KAN_GRUBU], [MEDENI_HALI], [EKLEYEN_KULLANICI_KODU], [KAYIT_ZAMANI]) VALUES (N'HST-00035', N'Busra', N'99431601323', N'Simsek', N'CNS-K', N'1991-11-03', N'Adana', N'Ali', N'Merve', N'TC', N'KAN-0-', N'MDN-BKR', N'KLN-ADMIN', N'2026-01-08 17:54:27');
GO

-- HASTA_BASVURU (35 rows)
INSERT INTO [Lbys].[HASTA_BASVURU] ([HASTA_BASVURU_KODU], [HASTA_KODU], [BIRIM_KODU], [TEDAVI_TURU], [CIKIS_SEKLI], [HASTA_KABUL_ZAMANI], [CIKIS_ZAMANI], [EKLEYEN_KULLANICI_KODU], [KAYIT_ZAMANI]) VALUES (N'BSV-00001', N'HST-00001', N'BRM-001', N'TDV-GUNUBIRLIK', N'CKS-ISTEK', N'2025-08-02 17:54:27', N'2025-08-16 17:54:27', N'KLN-ADMIN', N'2026-01-08 17:54:27');
INSERT INTO [Lbys].[HASTA_BASVURU] ([HASTA_BASVURU_KODU], [HASTA_KODU], [BIRIM_KODU], [TEDAVI_TURU], [CIKIS_SEKLI], [HASTA_KABUL_ZAMANI], [CIKIS_ZAMANI], [EKLEYEN_KULLANICI_KODU], [KAYIT_ZAMANI]) VALUES (N'BSV-00002', N'HST-00002', N'BRM-002', N'TDV-AYAKTAN', N'CKS-ISTEK', N'2025-11-12 17:54:27', N'2025-11-22 17:54:27', N'KLN-ADMIN', N'2026-01-08 17:54:27');
INSERT INTO [Lbys].[HASTA_BASVURU] ([HASTA_BASVURU_KODU], [HASTA_KODU], [BIRIM_KODU], [TEDAVI_TURU], [CIKIS_SEKLI], [HASTA_KABUL_ZAMANI], [CIKIS_ZAMANI], [EKLEYEN_KULLANICI_KODU], [KAYIT_ZAMANI]) VALUES (N'BSV-00003', N'HST-00003', N'BRM-003', N'TDV-GUNUBIRLIK', N'CKS-ISTEK', N'2025-09-11 17:54:27', N'2025-09-25 17:54:27', N'KLN-ADMIN', N'2026-01-08 17:54:27');
INSERT INTO [Lbys].[HASTA_BASVURU] ([HASTA_BASVURU_KODU], [HASTA_KODU], [BIRIM_KODU], [TEDAVI_TURU], [CIKIS_SEKLI], [HASTA_KABUL_ZAMANI], [CIKIS_ZAMANI], [EKLEYEN_KULLANICI_KODU], [KAYIT_ZAMANI]) VALUES (N'BSV-00004', N'HST-00004', N'BRM-004', N'TDV-YATAN', N'CKS-TABURCU', N'2025-09-25 17:54:27', N'2025-09-26 17:54:27', N'KLN-ADMIN', N'2026-01-08 17:54:27');
INSERT INTO [Lbys].[HASTA_BASVURU] ([HASTA_BASVURU_KODU], [HASTA_KODU], [BIRIM_KODU], [TEDAVI_TURU], [CIKIS_SEKLI], [HASTA_KABUL_ZAMANI], [CIKIS_ZAMANI], [EKLEYEN_KULLANICI_KODU], [KAYIT_ZAMANI]) VALUES (N'BSV-00005', N'HST-00005', N'BRM-005', N'TDV-ACIL', N'CKS-TABURCU', N'2025-12-29 17:54:27', N'2026-01-02 17:54:27', N'KLN-ADMIN', N'2026-01-08 17:54:27');
INSERT INTO [Lbys].[HASTA_BASVURU] ([HASTA_BASVURU_KODU], [HASTA_KODU], [BIRIM_KODU], [TEDAVI_TURU], [CIKIS_SEKLI], [HASTA_KABUL_ZAMANI], [CIKIS_ZAMANI], [EKLEYEN_KULLANICI_KODU], [KAYIT_ZAMANI]) VALUES (N'BSV-00006', N'HST-00006', N'BRM-006', N'TDV-YATAN', N'CKS-SEVK', N'2025-12-14 17:54:27', N'2025-12-17 17:54:27', N'KLN-ADMIN', N'2026-01-08 17:54:27');
INSERT INTO [Lbys].[HASTA_BASVURU] ([HASTA_BASVURU_KODU], [HASTA_KODU], [BIRIM_KODU], [TEDAVI_TURU], [CIKIS_SEKLI], [HASTA_KABUL_ZAMANI], [CIKIS_ZAMANI], [EKLEYEN_KULLANICI_KODU], [KAYIT_ZAMANI]) VALUES (N'BSV-00007', N'HST-00007', N'BRM-007', N'TDV-ACIL', N'CKS-ISTEK', N'2025-09-13 17:54:27', N'2025-09-18 17:54:27', N'KLN-ADMIN', N'2026-01-08 17:54:27');
INSERT INTO [Lbys].[HASTA_BASVURU] ([HASTA_BASVURU_KODU], [HASTA_KODU], [BIRIM_KODU], [TEDAVI_TURU], [CIKIS_SEKLI], [HASTA_KABUL_ZAMANI], [CIKIS_ZAMANI], [EKLEYEN_KULLANICI_KODU], [KAYIT_ZAMANI]) VALUES (N'BSV-00008', N'HST-00008', N'BRM-008', N'TDV-ACIL', N'CKS-ISTEK', N'2025-11-29 17:54:27', N'2025-12-13 17:54:27', N'KLN-ADMIN', N'2026-01-08 17:54:27');
INSERT INTO [Lbys].[HASTA_BASVURU] ([HASTA_BASVURU_KODU], [HASTA_KODU], [BIRIM_KODU], [TEDAVI_TURU], [CIKIS_SEKLI], [HASTA_KABUL_ZAMANI], [CIKIS_ZAMANI], [EKLEYEN_KULLANICI_KODU], [KAYIT_ZAMANI]) VALUES (N'BSV-00009', N'HST-00009', N'BRM-009', N'TDV-ACIL', N'CKS-ISTEK', N'2025-12-13 17:54:27', N'2025-12-26 17:54:27', N'KLN-ADMIN', N'2026-01-08 17:54:27');
INSERT INTO [Lbys].[HASTA_BASVURU] ([HASTA_BASVURU_KODU], [HASTA_KODU], [BIRIM_KODU], [TEDAVI_TURU], [CIKIS_SEKLI], [HASTA_KABUL_ZAMANI], [CIKIS_ZAMANI], [EKLEYEN_KULLANICI_KODU], [KAYIT_ZAMANI]) VALUES (N'BSV-00010', N'HST-00010', N'BRM-010', N'TDV-AYAKTAN', N'CKS-ISTEK', N'2025-09-25 17:54:27', N'2025-09-29 17:54:27', N'KLN-ADMIN', N'2026-01-08 17:54:27');
INSERT INTO [Lbys].[HASTA_BASVURU] ([HASTA_BASVURU_KODU], [HASTA_KODU], [BIRIM_KODU], [TEDAVI_TURU], [CIKIS_SEKLI], [HASTA_KABUL_ZAMANI], [CIKIS_ZAMANI], [EKLEYEN_KULLANICI_KODU], [KAYIT_ZAMANI]) VALUES (N'BSV-00011', N'HST-00011', N'BRM-011', N'TDV-ACIL', N'CKS-SEVK', N'2025-10-05 17:54:27', N'2025-10-08 17:54:27', N'KLN-ADMIN', N'2026-01-08 17:54:27');
INSERT INTO [Lbys].[HASTA_BASVURU] ([HASTA_BASVURU_KODU], [HASTA_KODU], [BIRIM_KODU], [TEDAVI_TURU], [CIKIS_SEKLI], [HASTA_KABUL_ZAMANI], [CIKIS_ZAMANI], [EKLEYEN_KULLANICI_KODU], [KAYIT_ZAMANI]) VALUES (N'BSV-00012', N'HST-00012', N'BRM-012', N'TDV-GUNUBIRLIK', N'CKS-TABURCU', N'2025-11-08 17:54:27', N'2025-11-21 17:54:27', N'KLN-ADMIN', N'2026-01-08 17:54:27');
INSERT INTO [Lbys].[HASTA_BASVURU] ([HASTA_BASVURU_KODU], [HASTA_KODU], [BIRIM_KODU], [TEDAVI_TURU], [CIKIS_SEKLI], [HASTA_KABUL_ZAMANI], [CIKIS_ZAMANI], [EKLEYEN_KULLANICI_KODU], [KAYIT_ZAMANI]) VALUES (N'BSV-00013', N'HST-00013', N'BRM-013', N'TDV-GUNUBIRLIK', N'CKS-TABURCU', N'2025-07-16 17:54:27', N'2025-07-21 17:54:27', N'KLN-ADMIN', N'2026-01-08 17:54:27');
INSERT INTO [Lbys].[HASTA_BASVURU] ([HASTA_BASVURU_KODU], [HASTA_KODU], [BIRIM_KODU], [TEDAVI_TURU], [CIKIS_SEKLI], [HASTA_KABUL_ZAMANI], [CIKIS_ZAMANI], [EKLEYEN_KULLANICI_KODU], [KAYIT_ZAMANI]) VALUES (N'BSV-00014', N'HST-00014', N'BRM-014', N'TDV-YATAN', N'CKS-TABURCU', N'2025-09-28 17:54:27', N'2025-10-02 17:54:27', N'KLN-ADMIN', N'2026-01-08 17:54:27');
INSERT INTO [Lbys].[HASTA_BASVURU] ([HASTA_BASVURU_KODU], [HASTA_KODU], [BIRIM_KODU], [TEDAVI_TURU], [CIKIS_SEKLI], [HASTA_KABUL_ZAMANI], [CIKIS_ZAMANI], [EKLEYEN_KULLANICI_KODU], [KAYIT_ZAMANI]) VALUES (N'BSV-00015', N'HST-00015', N'BRM-015', N'TDV-YATAN', N'CKS-ISTEK', N'2025-09-13 17:54:27', N'2025-09-14 17:54:27', N'KLN-ADMIN', N'2026-01-08 17:54:27');
INSERT INTO [Lbys].[HASTA_BASVURU] ([HASTA_BASVURU_KODU], [HASTA_KODU], [BIRIM_KODU], [TEDAVI_TURU], [CIKIS_SEKLI], [HASTA_KABUL_ZAMANI], [CIKIS_ZAMANI], [EKLEYEN_KULLANICI_KODU], [KAYIT_ZAMANI]) VALUES (N'BSV-00016', N'HST-00016', N'BRM-016', N'TDV-AYAKTAN', N'CKS-TABURCU', N'2025-07-28 17:54:27', N'2025-08-06 17:54:27', N'KLN-ADMIN', N'2026-01-08 17:54:27');
INSERT INTO [Lbys].[HASTA_BASVURU] ([HASTA_BASVURU_KODU], [HASTA_KODU], [BIRIM_KODU], [TEDAVI_TURU], [CIKIS_SEKLI], [HASTA_KABUL_ZAMANI], [CIKIS_ZAMANI], [EKLEYEN_KULLANICI_KODU], [KAYIT_ZAMANI]) VALUES (N'BSV-00017', N'HST-00017', N'BRM-017', N'TDV-YATAN', N'CKS-ISTEK', N'2025-10-14 17:54:27', N'2025-10-17 17:54:27', N'KLN-ADMIN', N'2026-01-08 17:54:27');
INSERT INTO [Lbys].[HASTA_BASVURU] ([HASTA_BASVURU_KODU], [HASTA_KODU], [BIRIM_KODU], [TEDAVI_TURU], [CIKIS_SEKLI], [HASTA_KABUL_ZAMANI], [CIKIS_ZAMANI], [EKLEYEN_KULLANICI_KODU], [KAYIT_ZAMANI]) VALUES (N'BSV-00018', N'HST-00018', N'BRM-018', N'TDV-YATAN', N'CKS-ISTEK', N'2025-11-16 17:54:27', N'2025-11-17 17:54:27', N'KLN-ADMIN', N'2026-01-08 17:54:27');
INSERT INTO [Lbys].[HASTA_BASVURU] ([HASTA_BASVURU_KODU], [HASTA_KODU], [BIRIM_KODU], [TEDAVI_TURU], [CIKIS_SEKLI], [HASTA_KABUL_ZAMANI], [CIKIS_ZAMANI], [EKLEYEN_KULLANICI_KODU], [KAYIT_ZAMANI]) VALUES (N'BSV-00019', N'HST-00019', N'BRM-019', N'TDV-YATAN', N'CKS-SEVK', N'2025-11-13 17:54:27', N'2025-11-26 17:54:27', N'KLN-ADMIN', N'2026-01-08 17:54:27');
INSERT INTO [Lbys].[HASTA_BASVURU] ([HASTA_BASVURU_KODU], [HASTA_KODU], [BIRIM_KODU], [TEDAVI_TURU], [CIKIS_SEKLI], [HASTA_KABUL_ZAMANI], [CIKIS_ZAMANI], [EKLEYEN_KULLANICI_KODU], [KAYIT_ZAMANI]) VALUES (N'BSV-00020', N'HST-00020', N'BRM-020', N'TDV-AYAKTAN', N'CKS-SEVK', N'2025-12-01 17:54:27', N'2025-12-13 17:54:27', N'KLN-ADMIN', N'2026-01-08 17:54:27');
INSERT INTO [Lbys].[HASTA_BASVURU] ([HASTA_BASVURU_KODU], [HASTA_KODU], [BIRIM_KODU], [TEDAVI_TURU], [CIKIS_SEKLI], [HASTA_KABUL_ZAMANI], [CIKIS_ZAMANI], [EKLEYEN_KULLANICI_KODU], [KAYIT_ZAMANI]) VALUES (N'BSV-00021', N'HST-00021', N'BRM-021', N'TDV-GUNUBIRLIK', N'CKS-TABURCU', N'2025-12-01 17:54:27', N'2025-12-03 17:54:27', N'KLN-ADMIN', N'2026-01-08 17:54:27');
INSERT INTO [Lbys].[HASTA_BASVURU] ([HASTA_BASVURU_KODU], [HASTA_KODU], [BIRIM_KODU], [TEDAVI_TURU], [CIKIS_SEKLI], [HASTA_KABUL_ZAMANI], [CIKIS_ZAMANI], [EKLEYEN_KULLANICI_KODU], [KAYIT_ZAMANI]) VALUES (N'BSV-00022', N'HST-00022', N'BRM-022', N'TDV-AYAKTAN', N'CKS-TABURCU', N'2025-12-10 17:54:27', N'2025-12-20 17:54:27', N'KLN-ADMIN', N'2026-01-08 17:54:27');
INSERT INTO [Lbys].[HASTA_BASVURU] ([HASTA_BASVURU_KODU], [HASTA_KODU], [BIRIM_KODU], [TEDAVI_TURU], [CIKIS_SEKLI], [HASTA_KABUL_ZAMANI], [CIKIS_ZAMANI], [EKLEYEN_KULLANICI_KODU], [KAYIT_ZAMANI]) VALUES (N'BSV-00023', N'HST-00023', N'BRM-023', N'TDV-YATAN', N'CKS-ISTEK', N'2026-01-04 17:54:27', N'2026-01-09 17:54:27', N'KLN-ADMIN', N'2026-01-08 17:54:27');
INSERT INTO [Lbys].[HASTA_BASVURU] ([HASTA_BASVURU_KODU], [HASTA_KODU], [BIRIM_KODU], [TEDAVI_TURU], [CIKIS_SEKLI], [HASTA_KABUL_ZAMANI], [CIKIS_ZAMANI], [EKLEYEN_KULLANICI_KODU], [KAYIT_ZAMANI]) VALUES (N'BSV-00024', N'HST-00024', N'BRM-024', N'TDV-YATAN', N'CKS-SEVK', N'2025-10-17 17:54:27', N'2025-10-17 17:54:27', N'KLN-ADMIN', N'2026-01-08 17:54:27');
INSERT INTO [Lbys].[HASTA_BASVURU] ([HASTA_BASVURU_KODU], [HASTA_KODU], [BIRIM_KODU], [TEDAVI_TURU], [CIKIS_SEKLI], [HASTA_KABUL_ZAMANI], [CIKIS_ZAMANI], [EKLEYEN_KULLANICI_KODU], [KAYIT_ZAMANI]) VALUES (N'BSV-00025', N'HST-00025', N'BRM-025', N'TDV-ACIL', N'CKS-ISTEK', N'2025-12-25 17:54:27', N'2025-12-27 17:54:27', N'KLN-ADMIN', N'2026-01-08 17:54:27');
INSERT INTO [Lbys].[HASTA_BASVURU] ([HASTA_BASVURU_KODU], [HASTA_KODU], [BIRIM_KODU], [TEDAVI_TURU], [CIKIS_SEKLI], [HASTA_KABUL_ZAMANI], [CIKIS_ZAMANI], [EKLEYEN_KULLANICI_KODU], [KAYIT_ZAMANI]) VALUES (N'BSV-00026', N'HST-00026', N'BRM-026', N'TDV-AYAKTAN', N'CKS-SEVK', N'2025-12-09 17:54:27', N'2025-12-20 17:54:27', N'KLN-ADMIN', N'2026-01-08 17:54:27');
INSERT INTO [Lbys].[HASTA_BASVURU] ([HASTA_BASVURU_KODU], [HASTA_KODU], [BIRIM_KODU], [TEDAVI_TURU], [CIKIS_SEKLI], [HASTA_KABUL_ZAMANI], [CIKIS_ZAMANI], [EKLEYEN_KULLANICI_KODU], [KAYIT_ZAMANI]) VALUES (N'BSV-00027', N'HST-00027', N'BRM-027', N'TDV-GUNUBIRLIK', N'CKS-ISTEK', N'2025-09-15 17:54:27', N'2025-09-27 17:54:27', N'KLN-ADMIN', N'2026-01-08 17:54:27');
INSERT INTO [Lbys].[HASTA_BASVURU] ([HASTA_BASVURU_KODU], [HASTA_KODU], [BIRIM_KODU], [TEDAVI_TURU], [CIKIS_SEKLI], [HASTA_KABUL_ZAMANI], [CIKIS_ZAMANI], [EKLEYEN_KULLANICI_KODU], [KAYIT_ZAMANI]) VALUES (N'BSV-00028', N'HST-00028', N'BRM-028', N'TDV-ACIL', N'CKS-ISTEK', N'2025-08-09 17:54:27', N'2025-08-10 17:54:27', N'KLN-ADMIN', N'2026-01-08 17:54:27');
INSERT INTO [Lbys].[HASTA_BASVURU] ([HASTA_BASVURU_KODU], [HASTA_KODU], [BIRIM_KODU], [TEDAVI_TURU], [CIKIS_SEKLI], [HASTA_KABUL_ZAMANI], [CIKIS_ZAMANI], [EKLEYEN_KULLANICI_KODU], [KAYIT_ZAMANI]) VALUES (N'BSV-00029', N'HST-00029', N'BRM-029', N'TDV-AYAKTAN', N'CKS-ISTEK', N'2025-11-12 17:54:27', N'2025-11-21 17:54:27', N'KLN-ADMIN', N'2026-01-08 17:54:27');
INSERT INTO [Lbys].[HASTA_BASVURU] ([HASTA_BASVURU_KODU], [HASTA_KODU], [BIRIM_KODU], [TEDAVI_TURU], [CIKIS_SEKLI], [HASTA_KABUL_ZAMANI], [CIKIS_ZAMANI], [EKLEYEN_KULLANICI_KODU], [KAYIT_ZAMANI]) VALUES (N'BSV-00030', N'HST-00030', N'BRM-030', N'TDV-GUNUBIRLIK', N'CKS-SEVK', N'2025-07-23 17:54:27', N'2025-07-31 17:54:27', N'KLN-ADMIN', N'2026-01-08 17:54:27');
INSERT INTO [Lbys].[HASTA_BASVURU] ([HASTA_BASVURU_KODU], [HASTA_KODU], [BIRIM_KODU], [TEDAVI_TURU], [CIKIS_SEKLI], [HASTA_KABUL_ZAMANI], [CIKIS_ZAMANI], [EKLEYEN_KULLANICI_KODU], [KAYIT_ZAMANI]) VALUES (N'BSV-00031', N'HST-00031', N'BRM-031', N'TDV-AYAKTAN', N'CKS-SEVK', N'2025-07-27 17:54:27', N'2025-07-27 17:54:27', N'KLN-ADMIN', N'2026-01-08 17:54:27');
INSERT INTO [Lbys].[HASTA_BASVURU] ([HASTA_BASVURU_KODU], [HASTA_KODU], [BIRIM_KODU], [TEDAVI_TURU], [CIKIS_SEKLI], [HASTA_KABUL_ZAMANI], [CIKIS_ZAMANI], [EKLEYEN_KULLANICI_KODU], [KAYIT_ZAMANI]) VALUES (N'BSV-00032', N'HST-00032', N'BRM-032', N'TDV-AYAKTAN', N'CKS-SEVK', N'2025-09-27 17:54:27', N'2025-10-03 17:54:27', N'KLN-ADMIN', N'2026-01-08 17:54:27');
INSERT INTO [Lbys].[HASTA_BASVURU] ([HASTA_BASVURU_KODU], [HASTA_KODU], [BIRIM_KODU], [TEDAVI_TURU], [CIKIS_SEKLI], [HASTA_KABUL_ZAMANI], [CIKIS_ZAMANI], [EKLEYEN_KULLANICI_KODU], [KAYIT_ZAMANI]) VALUES (N'BSV-00033', N'HST-00033', N'BRM-033', N'TDV-AYAKTAN', N'CKS-SEVK', N'2025-09-16 17:54:27', N'2025-09-17 17:54:27', N'KLN-ADMIN', N'2026-01-08 17:54:27');
INSERT INTO [Lbys].[HASTA_BASVURU] ([HASTA_BASVURU_KODU], [HASTA_KODU], [BIRIM_KODU], [TEDAVI_TURU], [CIKIS_SEKLI], [HASTA_KABUL_ZAMANI], [CIKIS_ZAMANI], [EKLEYEN_KULLANICI_KODU], [KAYIT_ZAMANI]) VALUES (N'BSV-00034', N'HST-00034', N'BRM-034', N'TDV-AYAKTAN', N'CKS-TABURCU', N'2025-08-05 17:54:27', N'2025-08-07 17:54:27', N'KLN-ADMIN', N'2026-01-08 17:54:27');
INSERT INTO [Lbys].[HASTA_BASVURU] ([HASTA_BASVURU_KODU], [HASTA_KODU], [BIRIM_KODU], [TEDAVI_TURU], [CIKIS_SEKLI], [HASTA_KABUL_ZAMANI], [CIKIS_ZAMANI], [EKLEYEN_KULLANICI_KODU], [KAYIT_ZAMANI]) VALUES (N'BSV-00035', N'HST-00035', N'BRM-035', N'TDV-GUNUBIRLIK', N'CKS-SEVK', N'2025-10-29 17:54:27', N'2025-11-07 17:54:27', N'KLN-ADMIN', N'2026-01-08 17:54:27');
GO
